date,Q1,Q2,Q3,Q4,Q5
2015-01-30,,,,,
2015-02-02,,,,,
2015-02-03,,,,,
2015-02-04,,,,,
2015-02-05,,,,,
2015-02-06,,,,,
2015-02-09,,,,,
2015-02-10,,,,,
2015-02-11,,,,,
2015-02-12,,,,,
2015-02-13,,,,,
2015-02-16,,,,,
2015-02-17,,,,,
2015-02-25,,,,,
2015-02-26,,,,,
2015-02-27,,,,,
2015-03-02,,,,,
2015-03-03,,,,,
2015-03-04,,,,,
2015-03-05,,,,,
2015-03-06,,,,,
2015-03-09,,,,,
2015-03-10,,,,,
2015-03-11,,,,,
2015-03-12,,,,,
2015-03-13,,,,,
2015-03-16,,,,,
2015-03-17,,,,,
2015-03-18,,,,,
2015-03-19,,,,,
2015-03-20,,,,,
2015-03-23,,,,,
2015-03-24,,,,,
2015-03-25,,,,,
2015-03-26,,,,,
2015-03-27,,,,,
2015-03-30,,,,,
2015-03-31,,,,,
2015-04-01,,,,,
2015-04-02,,,,,
2015-04-03,0.0468509087499165,0.08192539691391275,0.07476960657386618,0.11494632519603105,0.09826677347264583
2015-04-07,-0.010369519446232123,0.048263489767746366,0.05995560767834981,0.049162839174029256,0.06689105186699794
2015-04-08,-0.013091569647140078,0.02927123336060717,0.03578467976978174,0.03208764552306531,0.03743105506397696
2015-04-09,0.023141450758865013,0.07108811670570371,0.05932600814858836,0.07416923276994332,0.057235943596140225
2015-04-10,0.028495704041264603,0.07742042937553545,0.0956793805967589,0.07521936034294227,0.10343117582875569
2015-04-13,0.035845398048291066,0.06232787126356276,0.09233281023758651,0.09256722207055186,0.09386568152055823
2015-04-14,0.035266055911499894,0.05182017492001188,0.07929502947799737,0.08109064227961142,0.08793530257400962
2015-04-15,0.03684926950665364,0.0804071976530048,0.07058697818517363,0.10119594385261102,0.11020861761715754
2015-04-16,0.028408120749128397,0.030236082181610495,0.03002532744625014,0.07510326401685358,0.10714943522089171
2015-04-17,0.007895197230347595,0.0046184683746568235,-0.019207772391345947,0.10219942625182359,0.08660274626481607
2015-04-20,0.02322350242761907,0.05912289513488869,0.008314957649542298,0.1802134886149634,0.11909645520201731
2015-04-21,0.0332563002555671,0.008092433340905628,0.01194078151471909,0.17996400047804628,0.09504037479658749
2015-04-22,0.03301596894995692,0.015160942274081811,0.005893357887351092,0.19602205811820878,0.09069335388974925
2015-04-23,0.03902000475259169,0.049378161411373585,0.04550084486490887,0.20046446142452687,0.09295065455812004
2015-04-24,0.048999624717056586,0.08986403340031147,0.10246029132800731,0.19684817755152184,0.14766729333359754
2015-04-27,0.04892628020536953,0.07371279436483841,0.08492417110412531,0.21825151896310596,0.14813004241589328
2015-04-28,0.03775949550673245,0.10117763279072761,0.12086205771495659,0.17780269389734235,0.21693690181074254
2015-04-29,0.012189280774672651,-0.007258533699278844,0.08152319265606434,0.06626751236387973,0.19816737620409
2015-04-30,0.011545037131538538,-0.002425927420213969,0.07724371955470913,0.06206402078887349,0.17781000512369008
2015-05-04,0.014927806011751431,0.04948978935437687,0.1343718107256825,0.128055514505945,0.19890938666584818
2015-05-05,0.039156633226476986,0.12452639142289071,0.21048015399420916,0.15970782577308051,0.2572804431652346
2015-05-06,0.03019988411350403,0.14935419783499768,0.2299459049952032,0.1751561680778153,0.25930491533661176
2015-05-07,0.058172403466431634,0.19169050407336377,0.22376161223086877,0.23192674208621947,0.2457343806704076
2015-05-08,0.0521295938495574,0.17476860720583431,0.22052745598115964,0.20642981485202838,0.20426389652937868
2015-05-11,0.0483788079997697,0.1527804915274773,0.1735706778222622,0.18640839880376323,0.13136375578884016
2015-05-12,0.03778648237884963,0.13391005339385229,0.15907445735297993,0.16134037884381458,0.10482816531536172
2015-05-13,0.04150942196399658,0.1390829387050702,0.17693431851941832,0.16744292444809655,0.13626572425172548
2015-05-14,0.042807172288719775,0.15245822607766707,0.1640105973715517,0.16783272323693965,0.14216590732022366
2015-05-15,0.055267750087976575,0.17771823429003913,0.20100530958055834,0.18775218710514835,0.1518267582854415
2015-05-18,0.040568893144007453,0.16102981703930264,0.17641099583140302,0.18538572398361142,0.11525119257382317
2015-05-19,0.013400157275276403,0.08890930936786542,0.10549867675953259,0.11004682656638903,0.06887861704188922
2015-05-20,0.01643042768117161,0.0980547803405737,0.09705697888833287,0.1271255608800778,0.0867996462668004
2015-05-21,-0.010081008327860875,0.02762589927854854,0.02674807425900294,0.06985727676530391,0.02341255178438375
2015-05-22,-0.036955627088875655,-0.05220099929808634,-0.046204165394404605,-0.007599425367116108,-0.045526838323848975
2015-05-25,-0.032966633547561866,-0.04576343458388556,-0.050923741248638806,-0.043953054658061194,-0.05306657612158263
2015-05-26,-0.027246762660535318,-0.05172543894223676,-0.05369505124345605,-0.04785597726035633,-0.06326733814626401
2015-05-27,-0.037994185048918494,-0.07678981686249847,-0.07236941551843729,-0.07913320016886422,-0.08746613163021763
2015-05-28,-0.05420010993250857,-0.08078590865715467,-0.11221986990181164,-0.14371828975548087,-0.06321441561573705
2015-05-29,-0.07306174999052498,-0.11261131006128197,-0.15506077146579036,-0.14599614803582095,-0.11882034930440515
2015-06-01,-0.0831789262165129,-0.10177936749564828,-0.1424135263099904,-0.12069368488668934,-0.1010097340462909
2015-06-02,-0.09518244020480424,-0.16513141472649084,-0.21162958526270353,-0.17170226851480702,-0.13594799754359305
2015-06-03,-0.09829559570601468,-0.19962283357036928,-0.2376477399136568,-0.2147827561063485,-0.16118604577675355
2015-06-04,-0.09864645076551655,-0.24573879186850575,-0.28619309125066345,-0.25601577285687227,-0.20893242071497556
2015-06-05,-0.10231194655095725,-0.2565024732999928,-0.25884442438832256,-0.23573807945066924,-0.21529379537266294
2015-06-08,-0.07963736141463093,-0.31384198533600094,-0.3088106338578803,-0.285503450138065,-0.28167915037942826
2015-06-09,-0.13226481884222402,-0.35955029246157044,-0.34268240147445883,-0.3772773022202068,-0.3484849564656853
2015-06-10,-0.0868694514327167,-0.3109123832948275,-0.2895498280659116,-0.3200321838649405,-0.2796830277097757
2015-06-11,-0.08574766425223795,-0.251576110467593,-0.2335554711630177,-0.23370804937162992,-0.21648746841078798
2015-06-12,-0.09017942540317166,-0.22490946458765404,-0.21809240175861602,-0.2145579085792636,-0.18664746988529832
2015-06-15,-0.07842016260744322,-0.22692143047686258,-0.2127887209111344,-0.1928046391772203,-0.18575704437315266
2015-06-16,-0.05519496324840193,-0.24269068657844134,-0.25112268448929986,-0.19056424381561396,-0.23913820293841162
2015-06-17,-0.057628088635644836,-0.24076697361832702,-0.25251639422651573,-0.20878049321763612,-0.2567206192090256
2015-06-18,-0.030092601297944766,-0.16369459941212647,-0.1871340795335005,-0.15445621673642065,-0.2004083373561559
2015-06-19,-0.043092516088564306,-0.12389926413147116,-0.0939561079969963,-0.1446738790699456,-0.13717647247588738
2015-06-23,-0.05297524742554062,-0.13700628837826292,-0.11506514875803456,-0.15328908931064747,-0.16486828040198107
2015-06-24,-0.04484271014324148,-0.14628083757521557,-0.14641716819591533,-0.1704786588931857,-0.1741501156145099
2015-06-25,-0.03037304029932867,-0.10869336455287452,-0.10545484874194042,-0.11981388879194017,-0.12642230108241087
2015-06-26,-0.03071065545335543,-0.017536492533204162,-0.05807405356471721,-0.06393197752415931,-0.049042622291009155
2015-06-29,-0.03732074832690765,-0.09132823002280235,-0.10384047754902409,-0.10104762620637983,-0.07733270373988725
2015-06-30,-0.057797669356860405,-0.14485688376294348,-0.15843268549390305,-0.1703529779762182,-0.14715543051696858
2015-07-01,-0.024692865813840857,-0.09944201492259373,-0.07980490901745058,-0.09177082959853627,-0.05868799466678094
2015-07-02,-0.032260161919759035,-0.09682649125184216,-0.06175766926564125,-0.0408235836835391,-0.04577998585394122
2015-07-03,-0.023994887260827012,-0.05678298232702628,-0.04329423495231292,-0.00043711455942399005,-0.006967176831414878
2015-07-06,-0.011739359260332472,-0.10457651388955216,-0.07284129937982371,-0.03356995190144444,-0.028372669095618187
2015-07-07,-0.007967461797423692,-0.07919692210751325,0.05073013790819617,0.09376322993510129,0.14544779448067993
2015-07-08,0.039225359420863935,-0.004742636208422568,0.1577057083142688,0.18327861260842776,0.2651552072481452
2015-07-09,0.005310526191514476,-0.09983517611476321,0.04453154481893841,0.0804285823708994,0.1295186564769837
2015-07-10,-0.0076738631209409495,-0.14473175922210385,-0.032208860826251455,0.0037425505499360636,0.05794500993221731
2015-07-13,-0.0018411965734107417,-0.08722955571027978,-0.03825563342337165,-0.025786529697199502,0.01738257371043662
2015-07-14,0.01976441951048564,-0.052574418496981,-0.034745769405120086,-0.01880514784910476,0.0058495095282061205
2015-07-15,0.013888874151107877,-0.026572620172214113,0.01602414979645587,0.07387769534623219,0.0626786368290957
2015-07-16,0.01608126959057802,-0.028768312619976533,0.0460328167330063,0.04977630691415604,0.0684330365504084
2015-07-17,-0.0007330819850372428,-0.05346581355798602,0.015113135778518793,-0.0024291929325092275,0.004076304733351255
2015-07-20,0.00018120522606417387,-0.056497031093937056,0.022881923725243287,0.005686221329090457,-0.0033533745261806634
2015-07-21,-0.014675328033475609,-0.10388204797629089,-0.021304166660982338,-0.05449205628971689,-0.053357249018402664
2015-07-22,-0.009679145897147568,-0.09212331706462382,-0.02257091271653623,-0.037090801496180034,-0.04171957190168944
2015-07-23,-0.02608920392416756,-0.1223569174310128,-0.05917523214223156,-0.0846387691141822,-0.08952278191859493
2015-07-24,-0.03239097651785451,-0.15088071112825974,-0.09804599400076798,-0.0975780583548845,-0.11471616458744904
2015-07-27,-0.05165342628070778,-0.16247154014341098,-0.1072945047396148,-0.11055703346005145,-0.11499660193246793
2015-07-28,-0.0633622097521804,-0.2425051211768446,-0.17586769286603154,-0.19417551835464975,-0.1948253875142369
2015-07-29,-0.06173757746521734,-0.2226671332394171,-0.19143486801008203,-0.21776733957321937,-0.23322963844627495
2015-07-30,-0.03888669920419531,-0.16111782614109302,-0.1628702068162243,-0.15962346645333073,-0.19404789139161993
2015-07-31,-0.02691294875710475,-0.12070641504909878,-0.11628851909380206,-0.10758388992037396,-0.13676999937559806
2015-08-03,-0.036559728208049994,-0.11961007663226501,-0.11695878530495175,-0.11302856336942427,-0.12743466304062806
2015-08-04,-0.04571594197488775,-0.13732449958390272,-0.1628830205697681,-0.15588757887434085,-0.21491936579656662
2015-08-05,-0.04676151528782181,-0.12647554541833558,-0.15892709846593436,-0.17074228200094038,-0.22039810453904485
2015-08-06,-0.055341785445972826,-0.13721740755530712,-0.15892407717615598,-0.16514147775412105,-0.1871063405998244
2015-08-07,-0.04971255469418241,-0.13449639262366658,-0.1635490793781205,-0.1625297172132809,-0.1836062382396791
2015-08-10,-0.03808358331611407,-0.16186501723368768,-0.17468357645607915,-0.1769366759019152,-0.20666702028365336
2015-08-11,-0.07587278687812589,-0.15741823854750545,-0.1760675961880912,-0.19727369592391847,-0.22211548492529798
2015-08-12,-0.06848016277514747,-0.15008379763148777,-0.16329821358283528,-0.19254594941267816,-0.20364090820619446
2015-08-13,-0.0651061558132762,-0.16116250328586193,-0.20956035946052012,-0.23165105137573044,-0.2664312219656352
2015-08-14,-0.0689939945943904,-0.18651262468013893,-0.24583469287024665,-0.2650294734428453,-0.3054004913835998
2015-08-17,-0.05308525216906877,-0.15160633250657746,-0.18931772624778853,-0.22011363257682542,-0.253219210326901
2015-08-18,-0.04329418323771024,-0.12329700421238213,-0.16630305646477594,-0.1871133766477781,-0.22916677701886465
2015-08-19,-0.040353736768179736,-0.12588201538996602,-0.18341713685676161,-0.19854641249784682,-0.23577752392976742
2015-08-20,-0.035206310278937766,-0.1019642027771221,-0.16990539729787774,-0.1647417099069172,-0.1902732192456962
2015-08-21,-0.015665262220444398,-0.0584395952193254,-0.11260543454214128,-0.135673850602429,-0.15061398210934523
2015-08-24,0.015867161124293892,0.006376939159219141,-0.03559276011445562,-0.058320917379005854,-0.060241935090903156
2015-08-25,0.029092589617789523,0.11044551719950049,0.06301936365456107,0.04358796412943713,0.059701802075412605
2015-08-26,0.012963673437304724,0.07763594679090825,0.015234193377975417,0.01216816329238848,0.029756329681488926
2015-08-27,-0.010021424448411887,0.014377249230011458,-0.003495852921570952,0.00828598947455037,0.008575867973077222
2015-08-28,-0.04743400597958566,-0.0356344598450047,-0.06166468747033498,-0.06628863894858118,-0.054397023625896025
2015-08-31,-0.025758098491733848,-0.029634313800295575,-0.04929056146780955,-0.046403204616291646,-0.03164467364780317
2015-09-01,0.011033530700088213,-0.011130359895393016,-0.0019783772247481735,-0.003047781839788466,0.061138136159216795
2015-09-02,0.021445045520210638,-0.0009455852686487299,0.02253008418472574,0.05827425106516491,0.06767444072455868
2015-09-07,0.03989443288577731,0.054722036526513376,0.05477504655211457,0.0770431996486237,0.10364759247685278
2015-09-08,0.027362323245493814,0.026455285401489316,0.03784773117892078,0.052990308917107556,0.07361371857004542
2015-09-09,0.00691140506244821,0.0038826117627639547,0.006638390903759983,0.00918048128996778,0.031610938612255
2015-09-10,0.029132988072754475,0.0326808929270531,0.036912374905058734,0.04297666811155911,0.0821222099118708
2015-09-11,0.032621063759443014,0.04354237266017695,0.04847386953268766,0.04021888698767243,0.10565056369519406
2015-09-14,0.03552131902751304,0.05388127426759311,0.07123886343102016,0.10909676895572237,0.17868594084446793
2015-09-15,0.043541702952840745,0.09381411242544528,0.1420129748076623,0.16013678986905427,0.25609187399629196
2015-09-16,0.023870464198674647,0.017557163650807027,0.03457597223683676,0.0647491905394316,0.11212784580025131
2015-09-17,0.03274634650038715,0.051808868498030326,0.0741306133660284,0.07950624804435683,0.17717163188382998
2015-09-18,0.04602376907399508,0.05731886459345681,0.09970835126432027,0.10958598334245043,0.19246293691634475
2015-09-21,0.05172671496317176,0.059517967690162335,0.09030738717886315,0.09905129483003954,0.16047691701440353
2015-09-22,0.04660222523356882,0.05048335119550577,0.07664692084375195,0.10498496319374176,0.1560357760032698
2015-09-23,0.05273654811137935,0.07660350708285679,0.06050657261787663,0.12754781459583717,0.14349832530583695
2015-09-24,0.051669084038611306,0.07302523737854123,0.05926757723293655,0.11933521192475553,0.15490070131686717
2015-09-25,0.05399346996978709,0.08620911185679014,0.08885813005049442,0.13605558577562515,0.189332007988808
2015-09-28,0.04551025977017856,0.0739188679585709,0.05121683170883292,0.11495381462312844,0.13454045645312174
2015-09-29,0.07864366275474492,0.08369957617118969,0.07642898197283929,0.13722223093506852,0.12943749183619574
2015-09-30,0.07974901992209107,0.11582663324322137,0.11580014546748477,0.17311195419898268,0.20108990342119054
2015-10-08,0.05260258464652099,0.10662161178284846,0.11757179393072589,0.1450976496679542,0.14420355901557627
2015-10-09,0.046533778612299286,0.12378356949368963,0.12903242959122346,0.15727858005302311,0.1672341475992249
2015-10-12,0.03442645912287163,0.10002292545265694,0.10058081368499627,0.12257758845132805,0.14680757889859386
2015-10-13,0.029484995956307634,0.1038270380741235,0.1140967695286815,0.13039690851549982,0.1412578801764555
2015-10-14,0.028502515139399557,0.10858659801762524,0.12087474907467946,0.14055285386990443,0.16371855268239688
2015-10-15,0.020712484926995834,0.08048874247675146,0.09023587628398153,0.11988530799010891,0.12315371029806167
2015-10-16,0.006242062266771184,0.06218897882294867,0.06389539649666677,0.08560410693290219,0.0900188366942012
2015-10-19,-0.00031801197364250184,0.0643465917881769,0.06188418340166998,0.09300152779245727,0.10542895887141714
2015-10-20,0.0036727691455319096,0.05935180072478663,0.05677826750962013,0.07862502613721722,0.08384168703701612
2015-10-21,0.007570400888500392,0.07766634213120045,0.07441850477280912,0.10258369989208298,0.1210103245047287
2015-10-22,0.014451521276916946,0.06475944777474704,0.07487744980361188,0.0991867800088706,0.11952375406839469
2015-10-23,0.0015938009526781775,0.05146561545019364,0.05324373861059768,0.09703032344176099,0.09797921661771647
2015-10-26,-0.0008900015009217575,0.043642866184422015,0.05033718514446297,0.07379126767629736,0.08999295224015949
2015-10-27,-0.0007718478029990837,0.04291190554363471,0.0496545938326741,0.06756890639651143,0.09397404715659365
2015-10-28,0.0018035000736573007,0.05870442531097755,0.08344995324484658,0.10244269013825665,0.13622881758852584
2015-10-29,0.002520385985643148,0.055597243361029,0.06850755407103302,0.11905091325550188,0.1137316243487021
2015-10-30,-0.010108167402300939,0.012054097390109385,0.01532649458744978,0.06152989983210533,0.04788919320778627
2015-11-02,0.0010208944241929126,0.027203186494975863,0.033500465883296714,0.06244026234210015,0.07169443080126034
2015-11-03,0.0008146483624190681,0.030923181467755745,0.03793322288571459,0.07150566734026345,0.07069842140258685
2015-11-04,0.003017298537733107,0.028497085436588344,0.019169756456322396,0.0462475978095153,0.02312764815108875
2015-11-05,-0.0075861961455808,0.005017176864083183,-0.0007565398996632555,0.04611803645275061,0.04696525533996265
2015-11-06,-0.020701209093016527,-0.03226476537537719,-0.028177158241981803,0.019680210775697503,0.009901523042200861
2015-11-09,-0.01978191780912345,-0.04337603970960541,-0.0365793239965899,0.0035048043795494386,-0.004887429484991273
2015-11-10,-0.02620409596743364,-0.04314498910555614,-0.05455195220357071,-0.016767860915040223,-0.0237938334210965
2015-11-11,-0.014971599679603416,-0.04799480409860263,-0.05391579256675035,-0.02660097810493527,-0.04365441953206307
2015-11-12,-0.019386442740630415,-0.04261272238785966,-0.0497808794870764,-0.013349134842605644,-0.029557885703506866
2015-11-13,-0.01219272451164151,-0.03897648618509496,-0.03852235724944268,-0.013075961982480344,-0.015904029741271756
2015-11-16,-0.00365199178945747,-0.022513779471993567,-0.017837426411382896,-0.011371805675106105,-0.008203378510032116
2015-11-17,-0.01357363518808874,-0.025649300730504133,-0.012242912006971873,-0.016262929026273965,-0.003060397529143122
2015-11-18,-0.007403502796078962,-0.018294541139806043,0.006082376026188141,0.004941515346923997,0.010705299208453612
2015-11-19,-0.004125675591732946,-0.0134237728549642,0.007900517314800648,0.019641098269280354,0.001696049549209455
2015-11-20,-0.0026380035565431196,-0.011579774026616352,0.0008241830870065914,0.014765329507030977,0.004206791563776003
2015-11-23,0.013454785932694426,0.008875366814392905,0.021368754609159768,0.042793631046445846,0.010349995903902665
2015-11-24,0.01403864161180472,0.0168212881707983,0.02897395516510869,0.04519870260313362,0.029769223343285477
2015-11-25,0.011336020205951612,0.007396021247715356,0.027461779144997932,0.020265753495922634,0.0022508774268831687
2015-11-26,0.01899555436389562,-0.00373675299624584,0.013457820040331647,0.0155495630371409,0.0017889213876497243
2015-11-27,0.024925560556975812,0.06027256641397003,0.06637118674602216,0.08888129460026409,0.05171103995143187
2015-11-30,0.008280054172104357,0.03899673438656418,0.040016722084573186,0.06578757880923065,0.05004053594898918
2015-12-01,0.016352982228549317,0.0454883468945394,0.03199446451152595,0.061780702734648904,0.06206077033255425
2015-12-02,0.007779412917333508,0.009036419694790788,0.0048431222713510415,0.042157985785194585,0.0599171070986036
2015-12-03,0.008960170377434311,0.005114161012568286,-0.002611516288331972,0.024014381314460504,0.023753681058437993
2015-12-04,-0.004223922054303775,-0.014115655403718263,-0.03652300057393356,-0.031239297968185344,-0.040675096960612486
2015-12-07,-0.013634003397880103,-0.01834186321191509,-0.05384032511048327,-0.07450864349465929,-0.03740694772787525
2015-12-08,-0.0023692973183814855,-0.001069760130137387,-0.026779889242156917,-0.01200058313868475,-0.03741367149704918
2015-12-09,-0.016951462892058566,-0.040500375159309446,-0.06558884433672411,-0.07510070901817943,-0.08292483237372567
2015-12-10,-0.010435567223493127,-0.03730342094331002,-0.03876619210184239,-0.06365906788060742,-0.08768861787153391
2015-12-11,-0.02795148781208222,-0.08082813518279561,-0.07529055784341732,-0.11494872750157996,-0.12153257738051497
2015-12-14,-0.0332234688440973,-0.10262090831409498,-0.10771924501062506,-0.11464218392403511,-0.13617289826938775
2015-12-15,-0.029807324521567445,-0.10375888989859897,-0.11764526818480218,-0.1405728201882807,-0.16908568321930512
2015-12-16,-0.04251009782729576,-0.09708515073067527,-0.10940164532466179,-0.1336068210470784,-0.16675095092778727
2015-12-17,-0.06541342342844277,-0.13426322374763242,-0.14963533263523918,-0.19281107294067001,-0.19557857927732325
2015-12-18,-0.06758755738250664,-0.13638197309653857,-0.1446054705617006,-0.18558193688788227,-0.18098583040916016
2015-12-21,-0.06408279273587679,-0.14300782833177297,-0.14990574374689372,-0.1717728507473207,-0.1747835778729014
2015-12-22,-0.07831655475267663,-0.1588224127758356,-0.16696370881756706,-0.18992255119285684,-0.19157316222521426
2015-12-23,-0.09130506633644346,-0.1754247436183149,-0.18571134775442982,-0.19980108496321058,-0.20121004558982838
2015-12-24,-0.08136332997566129,-0.1645255897614563,-0.18022759881526065,-0.19405391874058014,-0.16832335264260428
2015-12-25,-0.07651969066323522,-0.1654995108988068,-0.1779888355868955,-0.1970525044608645,-0.18525273847287363
2015-12-28,-0.09060492305361491,-0.19343919169277773,-0.20090563846672937,-0.23010863001514253,-0.20223423158810444
2015-12-29,-0.07656908811123404,-0.19979009565464095,-0.21656426744190393,-0.23654617730497343,-0.23292709115350346
2015-12-30,-0.09491793784923946,-0.20362560124678036,-0.2432292636882619,-0.255152240736074,-0.234448959833976
2015-12-31,-0.0744598825290961,-0.18262472602672314,-0.20678964137745687,-0.2294249794093533,-0.24308365311704333
2016-01-04,-0.0715364097472567,-0.1700973256665393,-0.1818531422322964,-0.16853016984156777,-0.19827601883485144
2016-01-05,-0.06218107098921269,-0.1489147701682138,-0.13893732547518708,-0.1529746206583596,-0.16984350362160042
2016-01-06,-0.07464483933553599,-0.16962339948769958,-0.16421920073480964,-0.17432838435825807,-0.18544814206439766
2016-01-07,-0.04188848009625894,-0.12308986306553778,-0.12645739106532602,-0.0994654648324966,-0.11206666395026146
2016-01-08,-0.05101075502991887,-0.12186366949910363,-0.11984896759907342,-0.12570438250900268,-0.12544142548840737
2016-01-11,-0.04069676274933595,-0.09643520245718229,-0.09606494787691983,-0.0894314422152988,-0.07169991308120988
2016-01-12,-0.026420298363295756,-0.06336926989403316,-0.049778825277402496,-0.05147803351764307,-0.044248257594793554
2016-01-13,-0.030292803455202508,-0.04624458251246928,-0.05326613141164238,-0.03468316629856738,-0.006420768087620609
2016-01-14,-0.0206983347356839,-0.05780849813472279,-0.06729799543367011,-0.04209393208284987,-0.041904803845426296
2016-01-15,-0.008578444957823027,-0.047634631703586706,-0.03025937203691975,0.0008404504844033211,0.0025304652975076227
2016-01-18,0.004436463677179294,-0.026241833400016623,-0.01705444102707725,4.249851124435988e-05,0.0031369677963517194
2016-01-19,-0.002231089086371263,-0.04817683229246202,-0.04456687690384552,-0.015468361743948323,-0.03371054514926371
2016-01-20,0.009455365018369017,-0.024320385945665768,-0.027904003232164375,-0.01163492477978879,-0.020527985103912093
2016-01-21,0.01152178272182444,-0.05350201355937264,-0.058204675765316495,-0.029228630255133493,-0.04703556974173533
2016-01-22,0.003289129678460441,-0.04804111263633019,-0.06086520125972269,-0.04930908435214451,-0.06567001091486148
2016-01-25,-0.010769074336954065,-0.06429727690810506,-0.07909038077511475,-0.092990736889757,-0.11799323415470904
2016-01-26,0.019745440378041643,-0.010167535531367743,-0.010823909300538514,-0.033961768601522765,-0.030151347997754173
2016-01-27,0.033484947813468245,0.0387320705374524,0.053690932226365805,0.03144942023626274,0.007652678894662782
2016-01-28,0.03633013975901613,0.050362819937393596,0.0814397952631645,0.01749537622568246,0.05575432055426215
2016-01-29,0.03290512307260239,0.03738824706452766,0.06113115628505332,0.008673348743918197,0.004208207139263368
2016-02-01,0.036278173111158885,0.05583378022985115,0.09946875204805186,0.027158679962192612,0.031068872063773612
2016-02-02,0.030663688311186862,0.03829232650915261,0.07693812028262595,0.010911224753921877,0.00808804125333009
2016-02-03,0.03596279958568537,0.04447289535673566,0.06892384671482396,-0.0038264659423226876,-0.002478980802148155
2016-02-04,0.024879802055708812,0.00838959894137955,0.03805981086667093,-0.02781629304204387,-0.02479277462119894
2016-02-05,0.025269407675609257,0.009748415186777026,0.027906873727725323,-0.0222601597439848,-0.029633873235810813
2016-02-15,0.04094404605411981,0.03847015684669325,0.05202484697026562,0.012464507992607366,-0.010650848854172446
2016-02-16,0.03372248075064452,0.016061417372699192,0.030515262371378717,-0.03304676529155959,-0.05327752060091384
2016-02-17,0.03739916899306193,0.015778581065475316,0.01769086073096602,-0.03347685053839614,-0.05201064160803323
2016-02-18,0.03909571855064549,0.02580466012797631,0.029582838925204614,-0.017428641521841037,-0.021150190779140973
2016-02-19,0.042426242210837885,0.041044715437753385,0.04227049162841821,0.0021039999241332596,0.011113414812442334
2016-02-22,0.04598923850980538,0.03925370275969027,0.04323260865328007,0.011535288379682507,0.01374376797361674
2016-02-23,0.03960878626468934,0.03915412671289355,0.037362331766144785,0.012617269137547705,0.011076158079294407
2016-02-24,0.043238093300409106,0.03814669746180355,0.0320291505532758,0.012629047720775433,0.022586564105367322
2016-02-25,0.04470922983699925,0.07393285053214486,0.062129590635052766,0.041105598492676074,0.07750773789616484
2016-02-26,0.04029445191691594,0.07029017511439965,0.06435927243186763,0.05440004179485234,0.07827561456151451
2016-02-29,0.0417555769299305,0.08138868708245484,0.08621275902035339,0.10000428557397026,0.1188796030588881
2016-03-01,0.03380452895022037,0.056577594385165034,0.05524304301910186,0.06109521693085681,0.08288530991749096
2016-03-02,0.02352450472788812,0.04713075332055575,0.03487733633776195,0.05809039572713193,0.07287889328162588
2016-03-03,0.02433163046112581,0.04719638249503323,0.036610703263520325,0.06055094207434482,0.06308209253327285
2016-03-04,0.014009465970044044,0.035517380189644385,0.03765094396559121,0.0574481820483588,0.08412044977072111
2016-03-07,0.009981556341883559,0.030616805015090065,0.03713479070659148,0.07714324871684695,0.07211282369891431
2016-03-08,0.01282066087721414,0.026611406023875527,0.04123901862575442,0.06776081917951864,0.08208592070867175
2016-03-09,0.016284200707576028,0.03172272618626084,0.056861724774471996,0.08294125943695525,0.09190552998457949
2016-03-10,0.014386717204589606,0.03751471827057633,0.05229394289522826,0.09709905504989523,0.08539975293367481
2016-03-11,0.01765523045180296,0.05644745159515687,0.06661375420770811,0.11968836774607286,0.0989908484105388
2016-03-14,0.008157036302877634,0.03855424442468347,0.04563827077361758,0.07493480082300852,0.07756007612395185
2016-03-15,0.02031683095919298,0.04593472514722661,0.05741910816318894,0.11160409330967835,0.09922648239204505
2016-03-16,0.02656473227282211,0.04414786958668826,0.0594980232018341,0.11459259623431446,0.10775593026367818
2016-03-17,0.018789853752454608,0.04080718871006313,0.04406636241913888,0.08787956031128889,0.07984348264497618
2016-03-18,0.010822352140490482,0.02271740600199377,0.022395965365505845,0.034556631638904524,0.0428039311354899
2016-03-21,0.015312902681325801,-0.0026667957545454812,0.0012303192642771688,0.00871209095236659,0.021190228756512865
2016-03-22,0.010882737827703165,0.0016244122097481273,-0.019184618316899715,-0.01191688266554578,-0.001921476611981004
2016-03-23,0.020048839155822177,0.00034573151523484833,-0.016952418210244912,-0.026195252911014745,-0.017245524540812008
2016-03-24,0.025661415367411986,0.00547253934499653,0.010745711656395396,-0.021311326105378236,0.00579640549792499
2016-03-25,0.016744885831296588,0.0032769993788381636,0.0074191635060074975,-0.01735578855176108,0.0016008134899366004
2016-03-28,0.016998543197711245,0.011728229013888125,0.00797693201312355,-0.01154246178020778,0.010029711272849118
2016-03-29,0.021604566989200304,0.010586244557837621,0.01439751816070689,0.00850722939204035,0.0004005320788832322
2016-03-30,0.010826693169088686,-0.007217395712927843,-0.01183017154389857,-0.027680960795574715,-0.02408674846833074
2016-03-31,0.006725546001064594,-0.0063096141466728265,-0.008886163455474739,-0.026762249634589074,-0.017080102807517757
2016-04-01,0.01197497818020971,0.00025824421309973423,0.006647440172042063,0.004802101621840515,0.010727024827902089
2016-04-05,0.006115581054014299,-0.0026475366138870916,-0.013254934473864536,-0.012015702150905283,-0.011748672457050942
2016-04-06,0.007563876080792756,-0.002025038323672923,0.004316658306552401,-0.012141074845824693,-0.013941620464153074
2016-04-07,0.0004871392192473981,-0.011722745244201105,-0.0038662904334685775,-0.024575214159457758,-0.037122011809898235
2016-04-08,0.004012898236942464,-0.01070454831497456,-0.032076342087643636,-0.043368497596482404,-0.06005099805157625
2016-04-11,-0.004281236481209826,-0.03637167153765538,-0.04503557197777215,-0.05991938391574979,-0.07636338340098582
2016-04-12,-7.391835989088991e-05,-0.033458061763649995,-0.041507775911181946,-0.045937479944859895,-0.0730241592888469
2016-04-13,-0.014088840942985863,-0.045695763702588675,-0.05056417207091942,-0.052241157285351364,-0.09576438967532548
2016-04-14,-0.027502976395627064,-0.05785981373183756,-0.05623685875889889,-0.0621450301234303,-0.09770671785920015
2016-04-15,-0.022880303271462378,-0.05449291685042339,-0.051161376857036575,-0.0548242749564644,-0.08837268614432708
2016-04-18,-0.014030538860634252,-0.043801670210730205,-0.0427255535162694,-0.05122286333198989,-0.07727338497558454
2016-04-19,-0.026967393267796524,-0.05225661719859864,-0.05759879161944063,-0.04892362223519951,-0.09588140106781996
2016-04-20,-0.02383060541696007,-0.04238048452538739,-0.037124853860028804,-0.030354650298769437,-0.053205066482677706
2016-04-21,-0.02921848530007486,-0.037807348920069185,-0.031197331373115998,-0.027444017968513656,-0.029336888794816923
2016-04-22,-0.02665722295868822,-0.024755329104450517,-0.03885903272665655,-0.02857056926511018,-0.022421427150151597
2016-04-25,-0.031011570347896155,-0.020783854271615932,-0.04140407113859953,-0.03068123571233654,-0.03489874127105641
2016-04-26,-0.0165679412290323,-0.023255671264899035,-0.03705210790624411,-0.04960527344553515,-0.04393158985675795
2016-04-27,-0.014689605844954146,-0.022949078046132367,-0.03379407703608652,-0.040194445229829914,-0.039893217514285546
2016-04-28,-0.01192699966364763,-0.025505559578144134,-0.029525538632992933,-0.03347351588237807,-0.02978466779861012
2016-04-29,0.0018024563187307718,-0.025000810425404318,-0.019291326870225813,-0.03471024294593503,-0.031705859530052574
2016-05-03,0.009110440480346805,-0.007960968085849928,-0.015366421493625326,-0.02937425457954127,-0.019005217555560616
2016-05-04,0.011519646155260233,-0.009304999079378618,-0.019870876159000274,-0.026922167022912856,-0.006247122147911033
2016-05-05,0.012830492184016972,-0.010223684102014597,-0.017062291564447395,-0.036406411648108206,-0.012951707087771318
2016-05-06,0.017339210444849408,0.020026334761385288,-0.011669544110548203,0.01600839251508619,0.010151727497434515
2016-05-09,0.02145998081025507,0.026703550325124968,0.03931122211547555,0.04871218824922444,0.029166313887089998
2016-05-10,0.02832543216841983,0.02704443173299831,0.03168747477627465,0.04773084341086351,0.04427451696455581
2016-05-11,0.02796305118302167,0.026945961546264073,0.025241195061170972,0.046956306906614745,0.046471385773914575
2016-05-12,0.01667466799324314,0.0034437865056520245,-0.009677793276062281,0.01641671532587066,0.02325022545944285
2016-05-13,0.022083357398406844,0.007182165633309301,0.0024394199209577896,0.014143587199675777,0.013889124164163658
2016-05-16,0.02102409032606014,0.012860022498798163,0.019905663507698356,0.014630896904656077,0.034649840793614814
2016-05-17,0.013238096460011329,0.010432229552462525,0.015546963837012729,0.023021306585429904,0.033739595570633385
2016-05-18,0.02070720436829443,0.0210601583139415,0.031768356296043354,0.04449732616589405,0.057295519101338344
2016-05-19,0.030254476393610806,0.017534736429498543,0.023350824559396875,0.03526655553120246,0.054207598587810144
2016-05-20,0.026350301622378804,0.01421702205711597,0.019704733203674562,0.031354606284156136,0.035155939882779395
2016-05-23,0.02487218926492493,0.021680304928244,0.020289709692020173,0.024972909181066937,0.04749804770442598
2016-05-24,0.02427766661093662,0.02918157659973384,0.026863064015674374,0.0259816447291061,0.04458615239290031
2016-05-25,0.011476128199674696,0.006340576752638083,0.017834722849463698,0.031826088707530745,0.045873508415873974
2016-05-26,0.012658020579900236,0.019345393464098293,0.03378897450641227,0.04689065172632886,0.0662996985098248
2016-05-27,0.009199175597180915,0.021250853162391236,0.03740568684647404,0.045628785768899185,0.06450854680119895
2016-05-30,0.010715164386270248,0.02252879625581963,0.020941242673959692,0.05889507426504384,0.06949855594188799
2016-05-31,-0.0001870109279971918,-0.0013162281593635749,0.013649040171974014,0.019912352281819718,0.0343054023258482
2016-06-01,0.011703685053825564,0.005429978124267887,0.011947155144109666,0.01423950560906132,0.03290325847841799
2016-06-02,0.01885059828555387,0.023018622871350414,0.027731538697265346,0.02727953884753841,0.05032150305733951
2016-06-03,0.01445041313980977,0.01717732149597866,0.019313671664720776,0.024125329170527832,0.046627333627575075
2016-06-06,0.020739631966113094,0.011270689907845965,0.02393353617895123,0.015771485965104436,0.04390787579322327
2016-06-07,0.01590516980909643,0.01978386165447151,0.02719594658277529,0.03509352238395316,0.049355928501691924
2016-06-08,0.010331043141730521,0.012207421879651837,0.026425874943969585,0.030257540563524032,0.041996253212994675
2016-06-13,0.03547461950023809,0.040414224090296436,0.05578122031878714,0.05599304354132036,0.08340895588932636
2016-06-14,0.044354816758485474,0.05976119729736592,0.0809437600355733,0.09019767770689746,0.09563616646327185
2016-06-15,0.04181223495199459,0.05798717015306548,0.0679137374727277,0.07371731026311415,0.07663926081892596
2016-06-16,0.043434730792097434,0.06001894014895013,0.07944187028296243,0.06485469906356203,0.07444416121262283
2016-06-17,0.04454832716731201,0.060745229617824095,0.07241526584562316,0.07136420510909981,0.07316192963332172
2016-06-20,0.046501509303711594,0.056335895939513804,0.06476646474332681,0.06884718959250036,0.059563161280005265
2016-06-21,0.04570833051445213,0.04881306008715477,0.06676255121025934,0.07740340382432594,0.06664933378376786
2016-06-22,0.04397427089238908,0.04358902625132215,0.0534462913157542,0.07606960354901005,0.05580076510686416
2016-06-23,0.04919823754772415,0.04771611235297374,0.06987550370201515,0.0717619634099272,0.0595596839871239
2016-06-24,0.047646641158935535,0.0585059549473772,0.07301307033854659,0.06819659017187894,0.05540407386290361
2016-06-27,0.04675213512559142,0.04944785586843192,0.05867085907074163,0.03630025862782671,0.04255522350106081
2016-06-28,0.05023933000958522,0.05454043149183809,0.06850080506148942,0.046259525255334874,0.05069755992641534
2016-06-29,0.042216305989530696,0.03452989163559632,0.04592466730414748,0.0319473470756674,0.02233044906959334
2016-06-30,0.04007156165144429,0.0340272817191684,0.042239852669287814,0.018540347491191912,0.013937268770892863
2016-07-01,0.03805206133484742,0.030029328981078608,0.03277084282632076,0.015134087911249983,0.011842258233188045
2016-07-04,0.02814876075815735,0.0049335430086668184,0.014463703888057363,-0.008207024112797945,-0.01862426465008123
2016-07-05,0.02988240039267055,0.008751268121127009,0.013915633323270149,-0.003929674362118052,-0.018235335361473416
2016-07-06,0.027210203611744078,0.0017910625861740082,0.0035520045540570534,0.004398604032942566,-0.01999986065830328
2016-07-07,0.02505065785119165,-0.003378491614943265,-0.002537743939837178,0.0043260157003564784,-0.012523955376447848
2016-07-08,0.029251226943167365,0.006053496359959265,-0.0019197608182711877,0.012972811920123395,-0.0058686910089783325
2016-07-11,0.028846284066155237,0.006611277961867635,-0.0034414803249819825,0.009845691534849299,-0.00288133398253132
2016-07-12,0.016882013217573485,-0.007199752255978631,-0.018866821703650293,0.00888435828955092,-0.0012271312622638586
2016-07-13,0.013173871913247542,-0.011107728543821416,-0.02123085524040693,0.0008503330446180741,-0.01556396899805282
2016-07-14,0.01627501752439121,-0.0124815816347712,-0.024790613449471376,-0.006085383179170931,-0.02407324170020324
2016-07-15,0.019852205009616118,0.00215623889352069,-0.012445444733352207,0.003411400199656356,-0.011208330356766105
2016-07-18,0.0372826033042557,0.030796980193663948,0.016927260084538064,0.02293297863767193,0.012361997217128695
2016-07-19,0.031846018371327854,0.030721509722257113,0.02241161582419534,0.023660078671705755,0.007044346823781578
2016-07-20,0.03144685397239775,0.0338079380016663,0.02266095238407203,0.02329127876528132,-0.004628032681505856
2016-07-21,0.025019954057872676,0.030921135281702393,0.014126872206056618,0.017144412390127085,0.012630896665866332
2016-07-22,0.031837858206086575,0.04096505748790366,0.02998273024859819,0.021644714873813784,0.021447004391203683
2016-07-25,0.027143801333238734,0.02955975241079988,0.014256011400357893,0.017636005994332495,0.011352891970350462
2016-07-26,0.02063739346002806,0.023125205040366782,-0.00023731324088339668,0.008032556587644646,-0.012854454201677079
2016-07-27,0.026283806513017285,0.025884447425967072,0.030871365649745575,0.025378489696365115,0.018388200198573013
2016-07-28,0.022755328640705577,0.022109860045958985,0.023005118716433848,0.027355216314234654,0.014227555986849156
2016-07-29,0.021552902228633042,0.02901610542900681,0.020537090231636735,0.03274562558024778,0.027891095537741405
2016-08-01,0.021198232610600644,0.03105577754359189,0.026617549697983592,0.040939487687636535,0.038843217595914165
2016-08-02,0.024693848361029457,0.026287112497239216,0.03331033150833787,0.04188726555747253,0.04804356185642271
2016-08-03,0.030144167164654824,0.027732972190256645,0.03457002726737328,0.05116096440642548,0.05003845041376524
2016-08-04,0.026457654560584055,0.026579700136195063,0.025430820960635536,0.04427770932261904,0.030288499496689214
2016-08-05,0.024384270319833045,0.026756262206051862,0.02063191436496982,0.030298171776420815,0.027502396989965632
2016-08-08,0.023429067024163506,0.028204659765848395,0.023379500591164382,0.026892966286992625,0.03745764553689276
2016-08-09,0.020062069354260317,0.03290411343666211,0.026861406603938785,0.03415749870606222,0.030123385440975658
2016-08-10,0.02643194290056131,0.03298941388980718,0.019607786638598988,0.03149524659932697,0.032689464388098145
2016-08-11,0.022166743293950984,0.032700057990944,0.024590199658497118,0.042613472279454466,0.039573371040033556
2016-08-12,0.007512308750531482,0.016918175987347794,0.016247154608667918,0.031487608573562066,0.03135788153485051
2016-08-15,-0.02890004982127921,-0.02108760439535442,-0.032371529487073766,-0.009040710791440476,-0.00906008512465415
2016-08-16,-0.023590317260229574,-0.016055841365916878,-0.029195525895485318,-0.010392083584441436,-0.015335541125925367
2016-08-17,-0.023814659724622,-0.0228504331365868,-0.03262479900478336,-0.023473668021166117,-0.009971833196178715
2016-08-18,-0.019175408793287354,-0.01546270815828893,-0.020977560295391627,-0.009213730335998227,-0.009886225664684566
2016-08-19,-0.020377862643309808,-0.010880040165036386,-0.013994984963770806,-0.017404827314585404,-0.02934270979011612
2016-08-22,-0.013879580409403004,0.0008407271048501364,-0.014175316085314082,-0.012284899412474482,-0.016896138799021077
2016-08-23,-0.008686295414978128,0.001407526126420527,-0.0015515913823748173,-0.007331055825731865,-0.009238008509810968
2016-08-24,-0.004430471853969437,0.008230910132799961,-0.0038668823525919937,-0.014828077875501888,-0.009477419086974949
2016-08-25,-0.010913420381226032,0.002352218040491041,-0.011354755693966666,-0.023093744654204208,-0.012368017453356835
2016-08-26,-0.011180032836265836,-0.000624732126506522,-0.016651246277098186,-0.026138991091471206,-0.01717345620619098
2016-08-29,-0.010505799289977847,-0.009950405481653924,-0.00940987304062224,-0.02884669378555338,-0.019205644366523854
2016-08-30,-0.008999695018184518,-0.0030020886016898897,-0.010885236883897876,-0.026959162438977523,-0.02137931565166767
2016-08-31,-0.009506741806468022,-0.0072211891879092275,-0.013191050835833662,-0.02525728631731967,-0.01749998901913642
2016-09-01,0.00294288729192691,0.008996401767877926,-0.007630052675909593,-0.00612108265581276,-0.008714151774327527
2016-09-02,0.002117354582997233,0.0059021556738422685,-0.0016732745029205162,0.003708922158674588,0.015556783185935796
2016-09-05,-0.00477359288191338,-0.0023169748742692285,-0.005296140410014261,-0.001967064606017077,-0.002167176666746884
2016-09-06,-0.008492357535894168,-0.006968658506335002,-0.01431109612841012,-0.013400012244193894,-0.008093064114989622
2016-09-07,-0.008719670080444698,-0.0024819429738622057,-0.017069370919854054,-0.008596641336445299,-0.006542616281066166
2016-09-08,-0.012739510931748277,-0.00799450176214731,-0.019001664664978803,-0.011214962358200265,-0.021048339295043173
2016-09-09,-0.004754729154578097,-0.0019414626147020054,0.001065874336409378,0.000754004929694807,0.0012807259655046698
2016-09-12,0.011674429888685944,0.02513010671927396,0.00773750700446425,0.02127086137413642,0.01724933535480873
2016-09-13,0.009567101804704568,0.021858196703790335,0.0076512071778375825,0.02054069624129464,0.027014994679339533
2016-09-14,0.023036718458314,0.021983263802517295,0.012410375275009482,0.026665524924852878,0.028144709201030238
2016-09-19,0.028917111724721313,0.025154711115453077,0.01103295982746778,0.02529647585375523,0.029743914703195862
2016-09-20,0.029030044791201123,0.027849324426275145,0.030932709588822372,0.01892644767942555,0.030558516514034434
2016-09-21,0.019303336134798347,0.028227161856091233,0.022533207364196294,0.01349928659589323,0.028381433181832335
2016-09-22,0.015242385297052413,0.01784558518238205,0.008262934890792772,0.01408132607386408,0.022778121020688512
2016-09-23,0.01715896833888381,0.017958868029503937,0.005268940052828519,0.013200564287976169,0.025558069695812893
2016-09-26,0.023652670457431357,0.026806031574994393,0.026977449500422357,0.020225755144302814,0.03658421278078608
2016-09-27,0.027058100874694443,0.0344981620532923,0.02947465111674945,0.027539331506756314,0.03920721896326725
2016-09-28,0.02307936622655378,0.032013946122794026,0.018511965263616426,0.027086167016864893,0.024575556970208384
2016-09-29,0.028075543745141873,0.031168087929661893,0.027078039346406603,0.01694892614757097,0.024878147024883657
2016-09-30,0.024285423752275905,0.028767567119730365,0.010198194814778249,0.02310211265281551,0.03089129357718521
2016-10-10,0.01435252396940004,0.01998632910099816,-0.0008083793000011052,0.010844132246593896,0.01963304958541362
2016-10-11,0.015006600835139938,0.023276907139882907,-0.003143252818280923,0.008091625399440427,0.01331845750059759
2016-10-12,0.014225499750302921,0.013519793516204208,-0.011100641180296222,0.01299822037174192,0.013901690635644977
2016-10-13,0.02143533316335291,0.025841701104175586,0.005254912638265688,0.025925689774787052,0.02140206186621827
2016-10-14,0.027194200401902065,0.024479674759824002,0.023140207345985576,0.021750893689697272,0.028244915322463923
2016-10-17,0.03012999544545223,0.04203955973455946,0.027740364179072927,0.026599264733122453,0.03365572495220602
2016-10-18,0.020154142858723027,0.030955043156096217,0.010701562435153876,0.017413176121141512,0.02004575983433979
2016-10-19,0.022253026681923395,0.03466706831212917,0.018314341712160218,0.019084131498741684,0.03370229763363976
2016-10-20,0.0232755358480925,0.03782538015415511,0.01158166539403347,0.015872257791921716,0.025425112856979633
2016-10-21,0.017582217614190633,0.02852947857450836,0.011949410919878112,0.015183932850037819,0.02068754248326643
2016-10-24,0.014197494918754005,0.021155258139787067,-0.0014509070533636815,0.010569059956128708,0.018715910692466163
2016-10-25,0.024281332162424805,0.03616300916273836,0.012746848701774368,0.01662987689739509,0.02386430525137262
2016-10-26,0.03156963888387363,0.027677769324049476,0.029843717018757498,0.005691858573888431,0.031785923928843114
2016-10-27,0.033412679310462774,0.04330391739354833,0.030040533132460266,0.007406753128233778,0.03601018111316852
2016-10-28,0.037474274460248765,0.05178786749241423,0.04072523172806277,0.012956665446123361,0.03676054696263857
2016-10-31,0.04211565898434617,0.056521525902205896,0.04203252778851443,0.019949160895036688,0.05494531369333854
2016-11-01,0.03749812190769135,0.05721385239396102,0.03221404678230185,0.018380944640897744,0.03409272604101551
2016-11-02,0.04022568976467473,0.06571549981552453,0.03279325897565164,0.013597917496259071,0.044136505923952726
2016-11-03,0.03762253002305132,0.05768816844843565,0.03222841897487635,0.013650091203755387,0.060951739550890886
2016-11-04,0.031281921223099,0.055721229122981934,0.024745469800994943,0.00671796457846028,0.049127657194090874
2016-11-07,0.026784067369648366,0.04236577702324655,0.004713727425163638,0.006481362551193723,0.0449921909144668
2016-11-08,0.020220736703087078,0.03853762218050308,-0.0011356589065629147,0.009815758268085945,0.03670683074996099
2016-11-09,0.02646367013285213,0.03245626881077802,0.010931156038849239,0.03764642272203951,0.04226729301060709
2016-11-10,0.01949094157420415,0.02549108735200293,-0.004236505426270298,0.02675051078567624,0.021837467214442744
2016-11-11,0.020805580256978446,0.016012426238798828,-0.016510105571397215,0.023183286030945497,0.012521343020140064
2016-11-14,0.0056120533315488046,0.0018879107741142764,-0.055585113537933765,-0.013755173987304104,0.007292630101920858
2016-11-15,-0.002141557896758637,-0.002126722306167526,-0.06016776516806597,0.0049569698520973,-0.00781000594770942
2016-11-16,-0.0014650725307747794,-0.016910749877086628,-0.06755240170782773,-0.00245216548159911,-0.013495423726811883
2016-11-17,-0.009397227059218537,-0.024167766189194584,-0.05983763152418977,-0.0039553063570001434,-0.020201706313039504
2016-11-18,-0.012756742406241472,-0.02144847047131071,-0.047655880911303315,-0.00920960974391088,-0.01656457028286793
2016-11-21,-0.01618566150739924,-0.03838693537587265,-0.048724169349199,-0.01569529371916142,-0.02819303752452529
2016-11-22,-0.030924111100814205,-0.052403929430827306,-0.05886011550146244,-0.029185992281650266,-0.03621553761105334
2016-11-23,-0.03138444784888744,-0.04269555692714662,-0.049754994524062124,-0.0037837499825178478,-0.03758650307844196
2016-11-24,-0.0308929717633802,-0.050821313580629274,-0.04669022936506289,-0.008955133741149283,-0.04692627013049222
2016-11-25,-0.041578412734360255,-0.06056797205955675,-0.063572595113375,-0.024025409191602887,-0.05049090863778806
2016-11-28,-0.04047913694144175,-0.06027873277054094,-0.058875533762401205,-0.032313310193572,-0.057308699084923
2016-11-29,-0.04722655925820584,-0.06250252389234322,-0.060631738657011144,-0.035155546679539705,-0.0535771897602473
2016-11-30,-0.04712792410028096,-0.05699096376663597,-0.06709633368317253,-0.037841391375958724,-0.05503783348905676
2016-12-01,-0.050425127718256274,-0.06536017089687043,-0.07122046461808561,-0.04178141891198386,-0.053931057386470256
2016-12-02,-0.04276398697664687,-0.04522698220917923,-0.05514538489062117,-0.048737625756673154,-0.04495064679117855
2016-12-05,-0.01981882669313977,-0.035605574614660296,-0.03651762936892621,-0.03522242364734762,-0.04459443898865742
2016-12-06,-0.01635001428763429,-0.02587600863915712,-0.023688298513185192,-0.042722961556510904,-0.034673515065515574
2016-12-07,-0.017689628686688635,-0.03162247970282534,-0.02780809061538957,-0.04187419175221148,-0.04152252730457874
2016-12-08,-0.021146415602988456,-0.034902011623223886,-0.031932667791037525,-0.039762463266426004,-0.03982252347040046
2016-12-09,-0.026943888308102997,-0.03036183402082744,-0.03096287089484965,-0.014541848651805267,-0.05359298446603124
2016-12-12,-0.01155730383780537,-0.007569215384306479,-0.02315007201854271,0.005872891841516714,-0.0069618236027834774
2016-12-13,-0.015793531243360956,-0.008949717474085805,-0.0242542062779323,-0.0016829659207075415,-0.007607367629671314
2016-12-14,-0.015918551624447965,-0.009655434782056637,-0.0021721852144318664,-0.01843779479053731,-0.012823785598905542
2016-12-15,0.0012386268201275016,-0.0059431371015759215,0.0032567185891833827,-0.030858099866263266,-0.013132697184072973
2016-12-16,0.0005466382178264765,-0.005416428398931517,-0.018795504395562945,-0.05286898314377483,-0.04587835932946127
2016-12-19,0.0018261719873005975,-0.0005182950044185786,-0.00666731710775334,-0.037091284035734695,-0.028223132571943803
2016-12-20,0.009825431515422327,0.012920584351785053,-0.007368002170945404,-0.027214960715205783,-0.02659964491088549
2016-12-21,0.002909245794336551,-0.0031298240638119898,-0.005178594734901554,-0.0513501650273177,-0.022176310849860992
2016-12-22,0.00675798682424939,0.003954371415827087,-0.003695243874691645,-0.04076317333774406,-0.022000582629722
2016-12-23,0.014487998342513067,0.011787808237767998,0.007613982183264276,-0.030178648310545043,-0.011919331228170378
2016-12-26,0.014969593376096683,0.008201180936323443,-0.0022555477189685103,-0.009580111204476115,-0.04284399506036381
2016-12-27,0.017594635733333367,0.016145532426538944,0.005635298294700533,-0.003483503178249958,-0.03735098022217971
2016-12-28,0.026229615622131493,0.021721786616675443,0.020756994605966306,0.011240870891277273,-0.012120220495607298
2016-12-29,0.020121421462895143,0.014984452205864569,0.010550951511184403,0.008551705958602473,-0.018955155626997667
2016-12-30,0.017483246437361565,0.017406382289742835,0.012947397195338904,0.009661647759810184,-0.010701153357913783
2017-01-03,0.008052467394140258,0.006120658031176562,0.007758164259304029,-0.0070272241058942815,-0.008979263369692847
2017-01-04,0.008421448980065674,0.004512052495031131,0.010258576839826682,-0.002804978137578326,-0.01742850895294388
2017-01-05,0.01710799641926139,0.009715787529682406,-0.0015231211498949156,-0.0020460866506013735,-0.006722316211974222
2017-01-06,0.02083042770694069,0.02451859887895762,-0.0014638931551259836,-0.0006530541157168557,-0.005890214119181891
2017-01-09,0.02203252644268944,0.025336909237233207,0.003660782770488524,0.001812065819469779,0.0002703184520592039
2017-01-10,0.019793637907009123,0.02203511310211139,0.004273042240314611,0.003397220928074404,0.010170732387882494
2017-01-11,0.0241158468833771,0.03206446862423988,0.008127563954307603,0.006626173764611124,0.00725863516009162
2017-01-12,0.027032128839471658,0.03927689990448029,0.018116150695850094,0.010253871636096217,0.019457218502829332
2017-01-13,0.023120264425853444,0.03289957831940833,0.01979669413680052,0.016668515453278552,0.01708724947933745
2017-01-16,0.028435324602903825,0.04475679719465309,0.04239395742812648,0.04751354606237679,0.05187398685955789
2017-01-17,0.030443146676108923,0.04166785551959014,0.053813392666577364,0.04890932290803251,0.038832942828501305
2017-01-18,0.03381117196380836,0.03761191857735791,0.04987302287186157,0.050322895135177396,0.046821112015994384
2017-01-19,0.03346362898187387,0.037596138317471016,0.04659454300756407,0.05443060002024971,0.05255674399719471
2017-01-20,0.030561863960104723,0.033049779913191246,0.04394587355361481,0.042794227189543954,0.053287251163043094
2017-01-23,0.025628947367426446,0.025022075766658037,0.02737372879197425,0.0365353296942383,0.05081099890767511
2017-01-24,0.024709780373530794,0.02250230470565354,0.031758914129019725,0.03757004069524865,0.05960557647546505
2017-01-25,0.022582194106706283,0.020482019763161583,0.02743060446760568,0.03152529674491904,0.04812760054677112
2017-01-26,0.01589372921546082,0.011159057437571385,0.023312608927627078,0.023371224727111506,0.03934914551740683
2017-02-03,0.016084338228613416,0.016826039907894663,0.015132118046218623,0.027572872471865784,0.04003525592229476
2017-02-06,0.019062750101422315,0.013882213703874036,0.021421783147050778,0.03582196557439155,0.03679279835708709
2017-02-07,0.017086038882092976,0.019378360602535585,0.033338993318221925,0.03865766961033734,0.04650918748717004
2017-02-08,0.013277838645533538,0.012433209261566143,0.026338512548289027,0.04059430560929969,0.03232147356633539
2017-02-09,0.0076449825919889984,0.0006555147720706079,0.01711831851345087,0.015381373492727845,0.020297473156161417
2017-02-10,0.003942793303153114,-0.0030523448383266453,0.010352150155783594,0.028328208885767762,0.023112637915254364
2017-02-13,0.005966447752317185,-0.0006666531708746093,0.005749347890254336,0.025953138269990662,0.024774939074908686
2017-02-14,0.0039024496524723193,0.012745346852724356,0.011913077518476764,0.020016052014991893,0.022122394054023053
2017-02-15,0.002957957789644925,0.013048658390986102,0.012163421365112365,0.025787347790010184,0.023494718257917345
2017-02-16,0.0036442819927671177,0.02294658510615559,0.01902065068636756,0.022597418099639555,0.03186802452919502
2017-02-17,-0.0014478480597270305,0.018209469808230894,0.014540735371684573,0.025929729811291824,0.036481587450294416
2017-02-20,-0.008735626013163947,0.00939907115510334,-0.0006663761461375058,0.029023523635844636,0.023245421999959947
2017-02-21,-0.008436882080629057,-0.00011698405568010879,0.009009506277785385,0.016906297305486873,0.018520849022084885
2017-02-22,-0.015622226882085893,-0.01693762380270186,0.008452114174750692,0.009766757173926095,0.0035818394298241796
2017-02-23,-0.00984247833569448,-0.011382833688366052,0.007991410415034272,0.012466311100003524,0.005375161782737155
2017-02-24,-0.004214947952976611,-0.005318120108492833,0.010029430557464908,0.014315739233374007,0.011510559255886066
2017-02-27,-0.002403272597819158,-0.0014317250728834213,0.018501106812272815,0.012591954149397278,0.005793242803152823
2017-02-28,-0.0035761651817576103,-0.0026436490083359032,0.016192970058519184,0.009258029482287539,0.010873931370651362
2017-03-01,-0.0017050441535543432,-0.00570877737423827,0.014105351282308842,0.008017640945422838,0.01144367315558809
2017-03-02,-0.0009184492837385004,-0.011835750577462566,0.008007604145901919,7.99973478615712e-06,-0.003949460630584393
2017-03-03,0.003258051526163976,-0.001514663965275069,0.014511601630284955,0.0047342315250015,0.011156497377816177
2017-03-06,0.007455872514265087,0.00742444375788931,0.017180508082804812,0.008065464789747264,0.010920465649996667
2017-03-07,0.007579304209130351,0.005746763253992209,0.019399526992144988,0.008275112997760554,0.007597078327246709
2017-03-08,0.00933060885372674,0.007864212125163306,0.020332689934321024,0.009452339745764466,0.008563057467101043
2017-03-09,0.013536792638696237,0.00902782652899717,0.02540329205369578,0.01716776067421988,0.018749761585832192
2017-03-10,0.009572621329836467,0.01587986040999657,0.02386525413934006,0.014016832117184196,0.01787964251343511
2017-03-13,0.0009257314264334016,0.014367828817949724,0.014271445110383797,0.007957811686556153,0.009858787334904195
2017-03-14,0.002675045836129828,0.012526889610203297,0.01733288187537909,0.008863531545891278,-0.002113983439845072
2017-03-15,-0.0013132191564322428,0.003986481009760795,0.005164477118533507,0.004381957514876911,-0.004215301677956518
2017-03-16,-0.011717401418842616,-0.006125720537807366,-0.008050680584426873,-0.014897669534278977,-0.015223804646902789
2017-03-17,-0.005081871578463913,-0.0009969827608729504,-0.00804638512783225,-0.008182862235669159,-0.013608468254941756
2017-03-20,-0.013795663913032339,-0.02268488871759212,-0.013013305980346456,-0.020057850876776886,0.00034433804188701867
2017-03-21,-0.014763349267337309,-0.024481042785951715,-0.011937196039903175,-0.023483666543397144,-0.004307851935432261
2017-03-22,-0.007523079752994756,-0.011687308166795125,-0.00999043036550698,-0.018725828914513312,0.007504071377051063
2017-03-23,-0.024449606832341833,-0.02002519913132988,-0.014789362173936301,-0.021073602778868574,-0.0013241254636824906
2017-03-24,-0.02950530361269708,-0.025511894006300575,-0.021530649104886192,-0.018997437000282277,-0.011408201534865584
2017-03-27,-0.026454163574617568,-0.022214839836449483,-0.020051976674446442,-0.015072143247199875,-0.0034545645410269054
2017-03-28,-0.02274155636427866,-0.018283830886612815,-0.025773873942025995,-0.014234256638995135,-6.219429490923282e-05
2017-03-29,-0.015168162970062349,-0.02563333243016309,-0.017337637330204176,-0.010570526617754173,-0.003984423402483084
2017-03-30,-0.006158567774103248,-0.018156069217140174,-0.01170067195317778,-0.002528762361398328,-0.0060661012764150375
2017-03-31,-0.013143784750289343,-0.020434481139717617,-0.01712198948351711,-0.01581473667254827,-0.012865928108256012
2017-04-05,-0.02647014745682269,-0.04584594457738764,-0.024845448202490964,-0.02849143047332864,-0.014549909174024942
2017-04-06,-0.030306422946822436,-0.041178172470499506,-0.050112618163333414,-0.04128963439715818,-0.012075903839337715
2017-04-07,-0.032068397489958794,-0.050311566228648325,-0.05872929286043662,-0.04717624906748823,-0.017339992586185782
2017-04-10,-0.030889646410520732,-0.04864031961564643,-0.05782364827931772,-0.025532422003957434,-0.02995428529522527
2017-04-11,-0.03299536435174447,-0.05583797998724675,-0.06625988990915835,-0.028500479843990876,-0.019282165417083285
2017-04-12,-0.026765740696293033,-0.06165577370248886,-0.06731461730336417,-0.021721375123030365,-0.026937105946423824
2017-04-13,-0.022587466262331213,-0.05578354712792317,-0.05649960188668053,-0.04020251652784118,-0.028841028085491938
2017-04-14,-0.016815997125480486,-0.04668594934685289,-0.05076529816693123,-0.002083053995666379,-0.02716706239035649
2017-04-17,-0.006748883999477466,-0.024539567763456005,-0.02929985537026768,-0.0031530788522815545,-0.020817343006222854
2017-04-18,-0.011305228463605719,-0.018727394630776713,-0.02584772589957098,0.0023559881271819224,-0.02632634722172476
2017-04-19,-0.004464649579698905,-0.0036919260604499197,-0.03351193705418809,0.008128928757190764,-0.04020848169317265
2017-04-20,-0.00735137444805245,-0.00505375939981334,-0.014813040840180702,-0.029484418817159352,-0.03229228556590259
2017-04-21,-0.009749911039659082,-0.010933369530493044,-0.016658522879379217,-0.020684710797997254,-0.03433423278636453
2017-04-24,0.0028618509628906366,-0.004660427385326773,-0.006093827682641076,-0.012612567804941778,-0.044246742696113214
2017-04-25,0.00041710524142324346,-0.009384440465631905,-0.0027551057562971936,-0.02052410234372427,-0.03666853408000857
2017-04-26,0.018128426967450467,0.00016269723186810504,0.008309280620217812,-0.01148869733408233,-0.036582870502675884
2017-04-27,0.01861092464594712,-0.0003617345811293878,-0.00560483836890192,-0.01660026390623372,-0.03561392804376177
2017-04-28,0.023178972813453214,0.000858879692247385,-0.006171346513952811,-0.014012008669157356,-0.027313723818751322
2017-05-02,0.029829616541924998,-0.001986379736318837,-0.006564317901012945,-0.02991343744682562,-0.037262258055551965
2017-05-03,0.030189196519671013,0.009088646502770052,0.00023867094635996824,-0.03447317366254477,-0.026409973450424774
2017-05-04,0.02872348808685,0.009259545719264869,0.00034068791789185204,-0.016131849858735326,-0.024641392329892358
2017-05-05,0.030200015600217383,0.025236063983148278,0.015914242926694907,-0.006826642715416483,-0.030862189165970222
2017-05-08,0.03455405341644729,0.03486656220796689,0.039184020332619696,0.012626030386769849,-0.01076063701002398
2017-05-09,0.04509201403810192,0.03799233960441475,0.039840956337347834,0.004725703038685893,0.012258496544987054
2017-05-10,0.04604045863829576,0.04823592660861427,0.04602672467529373,0.02014988888821353,0.01790881715907115
2017-05-11,0.04774219446038269,0.0353215330323156,0.04075420044099478,0.009881188369812293,0.020692580340074374
2017-05-12,0.040462119741145754,0.03609092939159558,0.041410058037176005,0.026295222788591976,0.031128734148868215
2017-05-15,0.031057529902969654,0.02447844373055567,0.029357769428541666,0.018351856796734053,0.019943277867796542
2017-05-16,0.023776078825062257,0.019404268780551487,0.017612791582448186,0.005007495976008236,0.019952328014991885
2017-05-17,0.02951547002949964,0.018014625164017677,0.018563317496891312,-0.001584561880533585,0.019937445416069143
2017-05-18,0.04016218301599143,0.03468999787238063,0.030032556629667084,0.015609766646737558,0.03699820570765952
2017-05-19,0.0375215344007431,0.03683960703445465,0.033016573923124515,0.02384449592986186,0.03237333132993006
2017-05-22,0.03013463390658297,0.04461519085184404,0.037711555429085636,0.02922266203597731,0.04364307629898848
2017-05-23,0.028873454424810513,0.039259821894387766,0.04785979040656841,0.04091308150016387,0.03991161122552602
2017-05-24,0.03383614321753548,0.05198247264625586,0.04467966583615148,0.03265340179102233,0.051900892208051275
2017-05-25,0.024219619901693534,0.03908610431794541,0.04842859918474651,0.03578917128937048,0.05301807316936199
2017-05-26,0.02585001870433497,0.03640795123336433,0.0510807680693507,0.05279394915522372,0.05719447545128744
2017-05-31,0.01909597492384348,0.026376820215515916,0.0455517021673016,0.04474461956156895,0.058491199948105456
2017-06-01,0.02162979168831088,0.0322591293533796,0.05321471693548075,0.05425341371831787,0.05606320756439213
2017-06-02,0.020299471024887033,0.029401163456723833,0.04131174493854925,0.05534873753176874,0.0671487351847665
2017-06-05,0.02372323667629696,0.039897785147632266,0.034659226208143434,0.05299245534371829,0.058380900518566016
2017-06-06,0.012219131843510561,0.017861843741417992,0.050346946504992385,0.03585067788118169,0.050537665376774725
2017-06-07,0.014779971771598613,0.02305504028301497,0.0351796657454028,0.041553394555586154,0.04771896367495935
2017-06-08,0.012395153988417248,0.018380348949528492,0.029575859990237634,0.02870207894494693,0.05321601623833866
2017-06-09,0.009401555961494426,0.01521326015248343,0.02752236549415299,0.019139159451918564,0.05664157814446311
2017-06-12,0.012580920792760445,0.01742082184923607,0.030957981604549895,0.02532752365360972,0.050448058941463814
2017-06-13,0.01962522645536925,0.02442795160489784,0.025577622050683188,0.014371167229286974,0.04297752236357103
2017-06-14,0.02249960126046266,0.022964922663287,0.029771152179745203,0.01586407264246382,0.043514318273190716
2017-06-15,0.03486532649186717,0.0394139519513978,0.03319041877968976,0.0073245958929511416,0.05020903098407048
2017-06-16,0.05037351599253729,0.038599551727014396,0.016062614039897855,0.028209700640651016,0.051361735203318985
2017-06-19,0.038143882444828164,0.02059147270192486,-0.005711603630061772,0.009714168042289438,0.007865658067703165
2017-06-20,0.04007280585418945,0.015844486869283813,-0.018462400299055548,0.0006334188343969002,0.022226232417957525
2017-06-21,0.04621130544348939,0.030073772227134022,-0.004351492903183762,0.012206954837279321,0.039388105792258626
2017-06-22,0.042624336070376946,0.0339138734746387,0.010338932059487832,-0.0008845447717575708,0.042816776021797814
2017-06-23,0.0372842899066416,0.03195282495299701,0.0008303848911921778,0.003438836787477725,0.0436826381497013
2017-06-26,0.032211376316713954,0.02626259229476276,-0.007299161776268798,0.012287096919735367,0.02503534639513701
2017-06-27,0.027350081517737528,0.020359744258556123,-0.012286217033388542,0.006277500028728604,0.0192134514741204
2017-06-28,0.03033792249079642,0.017890392089749806,-0.004464302786043776,0.009186841459854675,0.027600674994821512
2017-06-29,0.02681774509450327,0.025839896611140445,0.00018590741699386903,0.006735704149890331,0.03703187802600449
2017-06-30,0.028814683006374603,0.026525566936299715,-0.007845903089304052,0.01845533727075486,0.03406189321466868
2017-07-03,0.030119088208844486,0.03135707220362687,0.012030699266743466,0.01635550165561897,0.04854921429238893
2017-07-04,0.04729478584253007,0.05384667174891359,0.01394984107224595,0.02741123913593818,0.03405329368943088
2017-07-05,0.038379528826495986,0.04188082452233477,0.019752212284485732,0.0228379449694622,0.021375233117319762
2017-07-06,0.028490740454627173,0.034193879845898396,0.018434867356331503,0.011102541106418914,0.019767091545485938
2017-07-07,0.0231676162844837,0.02577215757431002,0.0180222592940323,0.017274902418768757,0.026878269307762572
2017-07-10,0.022170005161018035,0.031057731374348165,0.030320063165835423,0.01803178246308249,0.027118346764663837
2017-07-11,0.016062226105565448,0.02283791644011252,0.0261323992745511,0.03907850270855465,0.038295914243018675
2017-07-12,0.02210003949911209,0.0220375196240354,0.028153633386491145,0.047008478520461174,0.0393809566281429
2017-07-13,0.011624273119507145,0.009405263591865396,0.0301667337634972,0.02218878460626017,0.029485861193619217
2017-07-14,-0.007700632673177971,-0.011323127866370667,0.008264149430847124,0.006277134599257643,0.005895898969602557
2017-07-17,-0.004959807972850681,0.018309087870268064,0.024865347901402202,0.04579666670126547,0.053512971628798506
2017-07-18,0.0029829663039205125,0.010246674168174957,0.02696874886793209,0.05817407472011999,0.05777656845045684
2017-07-19,-0.011080834169211315,-0.003920159269947851,0.002362918691478986,0.04082141779278914,0.059357692099432195
2017-07-20,-0.012783259538437924,0.004922148340399751,-0.0008994330921234301,0.046229561623129446,0.05809685515450156
2017-07-21,-0.0008967249777710277,0.0028491508400503296,-0.0036930632486015347,0.038054787944603256,0.05150479816717572
2017-07-24,-0.0009465412895015383,0.0014195293746833426,-0.0031569298691439943,0.04489738593294579,0.04621468892555833
2017-07-25,0.005264425465637194,0.01160796197098927,0.003372732929858452,0.04457827875074103,0.050764516986202685
2017-07-26,0.007489845130414689,0.022499320063987388,0.010821694406213556,0.04293077634611613,0.04783791999825237
2017-07-27,0.00489603676830444,0.010407549913256571,-0.0021592722440216313,0.028956568141385104,0.028753205072754
2017-07-28,0.013533808688789598,0.029313807355742193,0.014786994024430995,0.030051458714846213,0.031997801369418155
2017-07-31,0.020404564190746304,0.031748722408890595,0.02916241390680262,0.018046933476151068,0.04252663434207763
2017-08-01,0.01163133555803301,0.019385964474378282,0.023324908676407474,0.02201522727464651,0.03846387333840535
2017-08-02,0.01037617043756156,0.009614782293469954,0.024203801391627238,0.030869218079469872,0.046385953757573546
2017-08-03,0.010874093347401406,0.01786705669092478,0.04077475162893394,0.03886520610379199,0.04599156802192348
2017-08-04,0.01618355298086892,0.021997036937803437,0.039425448588561285,0.0562394624395374,0.05117265076651001
2017-08-07,0.013481446053216023,0.024947092828774924,0.05196591191337923,0.04392298337639247,0.054712655306389045
2017-08-08,0.013690085084727854,0.03050987693421765,0.04213121920410093,0.038632589654845784,0.04115689134206676
2017-08-09,0.01507479079732609,0.0207817120933044,0.045688328778553465,0.032353811563350064,0.05359883871873102
2017-08-10,0.013583567658265313,0.030028175538736348,0.03672415987077451,0.02874600024248825,0.05329281662516785
2017-08-11,0.03108946587024018,0.047049370418312,0.052564660070773934,0.06186493564197948,0.05970703369745874
2017-08-14,0.02446659509946708,0.03587465237488644,0.037290685172595976,0.05026033976041317,0.05254594209415895
2017-08-15,0.025709026007785046,0.03582727601746666,0.03439688890886263,0.05421422504680103,0.047617573964127136
2017-08-16,0.028827343520238607,0.0353021512676421,0.03289365401621757,0.05299387331478026,0.0394756679981507
2017-08-17,0.021586329766221952,0.03095769885769027,0.026686820470432304,0.04219446448560763,0.031000535281731845
2017-08-18,0.01928647578887268,0.02533242121404065,0.031671021328514556,0.050760554484817755,0.03493345644764728
2017-08-21,0.020724617338942913,0.028470961723181015,0.03653781589527544,0.055020068466208306,0.030886630783554248
2017-08-22,0.018152435838324692,0.0153167001208288,0.029369854589525526,0.05208286385325889,0.035023237599787004
2017-08-23,0.014526375464245631,0.010525998141711946,0.029587608398738297,0.051982363319197006,0.047085865603990244
2017-08-24,0.012658935235609438,0.015670579211768797,0.03664972354971351,0.04958763836912711,0.030038749190394853
2017-08-25,0.0045521639480420135,0.0020012796501406582,0.02555001667196265,0.032197235035049725,0.029212633417157168
2017-08-28,-0.0062422635300087015,-0.009665784015958162,0.0016325139515937226,0.02067809491789696,0.002145947119832595
2017-08-29,-0.005236313371317793,-0.01024134926084952,0.0008425114587851012,0.015507201430799906,0.003307357279470927
2017-08-30,-0.0012211906912825976,-0.010445040247025729,0.008317134561171632,0.01709373385969155,-0.0009505511049057835
2017-08-31,0.0007469541679016775,-0.00731895987194664,0.007472815946633543,0.014990050102155086,0.012734046654040966
2017-09-01,-4.303149754373662e-05,-0.006144455806445212,0.0142099084113785,0.008881139507539014,0.007527405130320214
2017-09-04,0.005690901521159096,0.007593332959449343,0.01668650392780895,0.014044933451585648,0.009555706198552774
2017-09-05,0.007059721571456762,0.003992289223315556,0.015330656690402197,0.019084625526854804,0.016722166284608552
2017-09-06,0.00828428750691725,0.008444087100744513,0.02251505545237247,0.02222264612869228,0.005861357096810589
2017-09-07,0.01147496094005627,0.015146379780460082,0.02561046216513981,0.02686138831985871,0.004641160711598795
2017-09-08,0.010228402836330348,0.019623393367525516,0.03094058280869394,0.027107590590373477,0.017569088562416707
2017-09-11,0.009854236945287856,0.011970122777950917,0.019120939598665915,0.019032290540278867,0.011199534392506094
2017-09-12,0.0071082511657992176,0.007445117709015468,0.020303581765389288,0.014285081661512508,0.006292431874468919
2017-09-13,0.008929329112030843,0.005583802977034387,0.023167773344233533,0.016215312617040917,0.00022055724560671175
2017-09-14,0.008575950934273555,0.0022897273310950946,0.025725909201674,0.016299880101378606,-0.0004199805486043244
2017-09-15,0.015849257438386544,0.010571267383903868,0.026016020826961042,0.011628560067086041,-0.0003473065273221036
2017-09-18,0.016908931381345516,0.01006481059003389,0.021514014747284555,0.005109510358968543,-0.002766279465402048
2017-09-19,0.013883700807457608,0.015927166244744596,0.026964810553813046,0.011641172935414076,-0.004155305173964341
2017-09-20,0.018340444474440176,0.02330106790661,0.021341569210258583,0.009216770866020721,0.0032400244440627577
2017-09-21,0.02163372563695363,0.025520170634501866,0.033968389524553076,0.01670421351405309,0.004989118027127972
2017-09-22,0.024061045026785768,0.02909999297867069,0.038420701111011,0.0257485561697675,0.007989638409234565
2017-09-25,0.025534053924829242,0.044481472515794325,0.026654978093090632,0.0141689776623004,0.014206921208050135
2017-09-26,0.02811106054524634,0.04835378158182335,0.032096000729495165,0.01792254482103491,0.01788753173073683
2017-09-27,0.025601525327508878,0.042014826504791714,0.018744132513426343,0.006914672134899532,0.02935601771381578
2017-09-28,0.026215752795164044,0.03327076065158086,0.01695818799786647,0.0060810468141341,0.0113109695234077
2017-09-29,0.02159028611376283,0.023355593244062684,0.005639088714216306,-0.001098869205959511,-0.00010767592540444904
2017-10-09,0.022756367060988842,0.017077425766810206,0.003778181257881069,-0.0124708210703147,0.015249907985165437
2017-10-10,0.029384222920464463,0.01478424730895167,0.008334985632399419,0.0014958801341940682,0.01749645460177482
2017-10-11,0.01977123479625583,0.030813122301503976,0.005056921018164684,0.0018794120764423167,0.007663658665560633
2017-10-12,0.023615656388895512,0.029566535375880432,0.011685578159282275,0.012464682049646264,0.021777447031879536
2017-10-13,0.031128490124972635,0.03637906077048932,0.018575150481404946,0.00853523292728764,0.01602959088157492
2017-10-16,0.03555764893835518,0.03503932942890834,0.031232062784490266,0.020015509486245957,0.01772044702484051
2017-10-17,0.03221632334919,0.029261144920781867,0.030327356895205698,0.017166175423144775,0.028396193820344376
2017-10-18,0.024098809463114764,0.017899174131238028,0.015349597471303267,0.008702859982025052,0.027334287722067457
2017-10-19,0.026024543781546762,0.02365038965071849,0.02499994200144683,0.015539366086247822,0.025059381143006057
2017-10-20,0.032024227377661765,0.02964429019173505,0.019055794655719705,-0.008148054390920931,0.019768706257185024
2017-10-23,0.030549842411088227,0.03384755687965196,0.02299126431953318,-0.01121762307835214,0.010590167532361824
2017-10-24,0.037163134136741875,0.048306627197720046,0.04328052508429564,0.0009561615417817507,0.03668278700317064
2017-10-25,0.03776774659265629,0.04946415625269529,0.035813178129507385,-0.0035431363525806427,0.03180644808608241
2017-10-26,0.015329758009437802,0.024273697611514655,0.022644557648503337,-0.03914797122338238,0.026002391913943806
2017-10-27,0.010058809019413455,0.01970390977650242,0.018214537422126146,-0.037812928752852075,0.012398499520240311
2017-10-30,0.0036903986344558946,0.017731053038790013,0.005162596949896903,-0.032033715514558914,0.015103259038765918
2017-10-31,0.004060256168104024,0.015849730701673937,-0.0038612321576740696,-0.01812572847598613,0.007947451343133839
2017-11-01,0.012144515889064844,0.015202802343324218,0.003546132963442485,-0.029097890770326984,0.005064844075194124
2017-11-02,0.0075915071519678115,0.006359537256188726,0.0003911420934827418,-0.020551598685680395,-0.011695131812590104
2017-11-03,0.008145168925372981,0.004290733392085044,-0.0004907200237667512,-0.013108092055499284,0.002304753868874555
2017-11-06,0.011603198823278461,-0.0032319385930016467,-0.005782097186660793,-0.023773412496421426,-0.0014655144816405447
2017-11-07,0.00867424965372619,-0.0019581275322394596,-0.024364181351815617,-0.044328284116995804,-0.018360847820834286
2017-11-08,0.0008776117948094109,-0.011157965426264108,-0.032301445410968306,-0.045047000926419445,-0.023145831896147717
2017-11-09,-0.0075192270015549826,-0.02685701922659607,-0.04400270975737941,-0.055082881621450475,-0.03568171751661608
2017-11-10,-0.005358613361335918,-0.02115192072355344,-0.046429655647124535,-0.051772221045367404,-0.037078660636017655
2017-11-13,-0.0004465876046059192,-0.00937957272988462,-0.03522776667950501,-0.047209681324689175,-0.041475057263235325
2017-11-14,-0.004412573272262828,-0.01295226586060125,-0.040811465122286235,-0.05257200358735604,-0.03517184150900111
2017-11-15,0.002686129477582442,-1.1512004273443269e-05,-0.026329300525084712,-0.035642763823723334,-0.02718849744861424
2017-11-16,-0.0038737086489338993,-0.009375263413637445,-0.027837744521422948,-0.03126536215045007,-0.027145004904036502
2017-11-17,-0.014721210210056722,-0.026371678759934472,-0.033211213313680155,-0.03341938864002325,-0.00968230824772299
2017-11-20,-0.01388062782346533,-0.029175698570948285,-0.03790807341403427,-0.03281357917784201,-0.026290212277850274
2017-11-21,-0.016268656516962608,-0.03570891320256319,-0.038984395337856664,-0.04033036196581586,-0.03172030793232691
2017-11-22,-0.021817456267946126,-0.04699957400055999,-0.0524981530809796,-0.035353252087179196,-0.035932208858540045
2017-11-23,-0.00991930969519713,-0.011798882803389409,-0.021658836056343944,-0.02128323441264169,-0.0055554368887613245
2017-11-24,-0.00905816416977329,-0.02093067568184787,-0.02359661532546368,-0.022849295816720565,0.0026370246557904523
2017-11-27,-0.004411201695544346,-0.014672533671824802,-0.02648977839167862,0.0017154693498828528,-0.002111632139414954
2017-11-28,0.00039032090668187014,-0.005759494997203324,-0.024377932591663074,-0.004288953721019804,-0.007408658433032733
2017-11-29,-0.0077032824868017175,-0.028029925489885962,-0.036507681513927664,-0.014366448418491867,-0.008066108124468209
2017-11-30,-0.0005666289322845579,-0.014739914665972157,-0.024334250798751456,-0.0012863909638832173,0.007642522841256652
2017-12-01,0.0009872126016230358,-0.009492468501003732,-0.019289023015181175,0.0019225293520774588,0.0017875048362898844
2017-12-04,0.004608765022894235,0.007503593906192733,-0.005186196576449373,0.00941074131790463,0.012334477660980708
2017-12-05,0.009123071673419601,0.004212533574410016,0.0003385601881316369,0.026487970657827632,0.03910343602797442
2017-12-06,0.017908096557674644,0.02617857043872032,0.00815724782374856,0.036212369159878674,0.03449606366635054
2017-12-07,0.024692726222890853,0.03627692764316136,0.01912704240170843,0.04103784228085568,0.04242785575641836
2017-12-08,0.02481236180443804,0.0358117778503522,0.0201746626491021,0.04286543773876449,0.02978409244285711
2017-12-11,0.019742935793151013,0.03227085750296107,0.009933490907335342,0.027990396739883128,0.01942931660687778
2017-12-12,0.03119112501211007,0.04769819618968517,0.017904922717784714,0.04242798508453389,0.02192927846950958
2017-12-13,0.029742397099687196,0.04041974192059373,0.01443583916864774,0.03988756359358115,0.02817459551507333
2017-12-14,0.033180360609632795,0.04462277236397971,0.020371287070971494,0.035295390596984326,0.023600664062765987
2017-12-15,0.03934880404337942,0.05430605664775689,0.0179802559632551,0.03639062681156049,0.019795905121320446
2017-12-18,0.04023621832110433,0.06607782418999138,0.024347336556146078,0.03858778074042425,0.03341402023306815
2017-12-19,0.035776649544296796,0.058697485976316105,0.026256291140079702,0.02605392636559456,0.020947763908960342
2017-12-20,0.044533826120293364,0.07614057168459502,0.03879928118866299,0.033836871512373884,0.02396319248135032
2017-12-21,0.040403871094597275,0.06770000045270526,0.027637217711113434,0.03323643242113102,0.016867302518321445
2017-12-22,0.042978410139770995,0.07652499678876178,0.044167757911055386,0.05368021692488191,0.028196657247769225
2017-12-25,0.05195443440884415,0.08755642706490786,0.06627558417791729,0.05589916872017913,0.04196247937309064
2017-12-26,0.05307020470267516,0.08863280894313749,0.07802123553839256,0.039505462018066165,0.04901278352768904
2017-12-27,0.052496660346455656,0.09098485493599914,0.07907292234468623,0.04523138212363477,0.060723321295799965
2017-12-28,0.0544317780549568,0.09324316624328918,0.07723881837064549,0.03944361376055617,0.053968840029701676
2017-12-29,0.046652289262571305,0.08505609320258223,0.06518075048663058,0.03192538407330996,0.03422168194645909
2018-01-02,0.030700927732123528,0.05119782963296978,0.04108530212271996,0.009801332143629028,0.016217546749830884
2018-01-03,0.02626430525543215,0.045076913770916084,0.021625740950211934,-0.008397963157225331,0.00264031513124358
2018-01-04,0.018233903161377723,0.035885955684563105,0.006707767205028483,-0.02170447655411614,-0.014903853204723068
2018-01-05,0.021352700383831465,0.03477486967078735,0.01045838963009782,-0.011990114556436487,-0.022900965809536968
2018-01-08,0.01298691053518813,0.03121449243245102,0.006354533932670543,-0.033988818552485776,-0.021547448431430947
2018-01-09,-0.014661959953623507,-0.0014468005409203131,-0.027466435109296437,-0.06891814093576545,-0.05470427854267205
2018-01-10,-0.0223491986160516,-0.014014329804287918,-0.040436026290551166,-0.07933534381322652,-0.07043589540005714
2018-01-11,-0.026815687354881688,-0.03217328569740585,-0.04281037025889917,-0.08706433291045508,-0.07310699963545576
2018-01-12,-0.053595891059720874,-0.0835406108690911,-0.08254715243046397,-0.11723434066305953,-0.10755916735804064
2018-01-15,-0.048902601279634354,-0.06695296565034577,-0.06975218831349829,-0.0815433198343292,-0.0955357476565727
2018-01-16,-0.04791117689137184,-0.060623299791764056,-0.0740568040125625,-0.07445720560262997,-0.09041471927843851
2018-01-17,-0.04393842479015807,-0.05889530905845974,-0.08293843586662263,-0.06806761224968749,-0.07982518194453912
2018-01-18,-0.04002710383358633,-0.048444560537441554,-0.07187053186795586,-0.05059697750977313,-0.06454571752787083
2018-01-19,-0.0325888983612707,-0.044294983862040754,-0.06672550183317626,-0.05573081924362638,-0.06626398387377298
2018-01-22,-0.030878799937844644,-0.04055986910539211,-0.05872574153922824,-0.04582880514209358,-0.05664006783555824
2018-01-23,-0.04335997029424256,-0.07323949355326614,-0.061814996190908134,-0.055950633821776896,-0.06463890423499172
2018-01-24,-0.0548891658069834,-0.08099455476286174,-0.06699129997053388,-0.07915042458930488,-0.05981054586409911
2018-01-25,-0.04549839905005309,-0.07041585961820444,-0.05386287857222605,-0.07643818250408486,-0.0584586173750184
2018-01-26,-0.051625368439885445,-0.08651006250415676,-0.06425572740283424,-0.08114272822778525,-0.05999696701957857
2018-01-29,-0.04650945770697892,-0.07761406096483982,-0.06260073366214544,-0.06496608134095454,-0.044564287181125324
2018-01-30,-0.036549904590303245,-0.05258767035983281,-0.04589470595639256,-0.04496743088899595,-0.035811999945737076
2018-01-31,-0.0327127072632984,-0.05912223153171202,-0.03986948819614404,-0.05246370913055921,-0.0228434512934007
2018-02-01,-0.031435505093322394,-0.051278873848771084,-0.020631426613577104,-0.037536871054474626,0.01345870840564221
2018-02-02,-0.03358031350114988,-0.03706684570694334,-0.028389725036447218,-0.027373118452265192,0.032625710841164626
2018-02-05,-0.0349403166728037,-0.03190187354195218,-0.008741369162915706,-0.006693387623657932,0.04910744143979757
2018-02-06,-0.025344711810891603,-0.022334951503094204,-0.003358348696638406,0.04816824935132033,0.10125760523820569
2018-02-07,-0.0061253646214193954,-0.01704889554428512,0.00429741206811296,0.05261890272152811,0.07611209264491217
2018-02-08,0.014913742856521464,0.014757732720906266,0.0007130120993551567,0.0486903741736915,0.06825671580568395
2018-02-09,0.03127316460580148,0.06611390597298196,0.056670123461453954,0.08660334062442136,0.07629947769583746
2018-02-12,0.04039862552572616,0.04928537366411938,0.04269827960049951,0.062348019768222455,0.06354338767395758
2018-02-13,0.03589337556978747,0.04003522435825912,0.037316311225467844,0.049206826190794674,0.0479310120754627
2018-02-14,0.025886448876379756,0.03142202141870801,0.022466075550591897,0.042724671668846505,0.04562463500540944
2018-02-22,0.01124025122006079,0.012693423564033383,0.00594002146007321,0.015687059727701423,0.014180642578813045
2018-02-23,-0.0016490227719724048,-0.02945022145218196,-0.03796271750618089,-0.02200630171489848,-0.03128281942597609
2018-02-26,-0.009781848373187203,-0.04823426083879744,-0.05003101411583373,-0.03719787097951506,-0.04392973268810526
2018-02-27,0.0006272623192580006,-0.019422267249649315,-0.039758036630317975,-0.011663768967383125,-0.030992092247537142
2018-02-28,-0.005017782596007996,-0.024419379334917335,-0.04716499851397197,-0.020033237331797873,-0.03246475215463359
2018-03-01,-0.014562105125082953,-0.015479343583150455,-0.043261858686681406,-0.016179376247250025,-0.027412416484897305
2018-03-02,0.00523775934667866,-0.01531370863259231,-0.028367117001818137,-0.010254086173003777,-0.016261817606167815
2018-03-05,0.005874621451233468,-0.016052684454657063,-0.025381551891473585,-0.01018768744433666,-0.014469117141268374
2018-03-06,-0.006524508648656955,-0.030362282347304058,-0.0398659299412983,-0.02507168343444745,-0.03692646459703997
2018-03-07,-0.0021480150807126064,-0.02828854023031341,-0.034503669003473104,-0.02650478824723296,-0.03422180851827927
2018-03-08,-0.010790037538287342,-0.031687567234085605,-0.04794859633489113,-0.03178717675335926,-0.03776920535812589
2018-03-09,-0.012217432457050332,-0.037429096719998556,-0.04194966125811825,-0.03213630250511908,-0.03402592254638041
2018-03-12,-0.017475475943321217,-0.038479992958308756,-0.04797641075443769,-0.04345653980579504,-0.04019756954978652
2018-03-13,-0.015032697075871088,-0.03969615647002015,-0.048171125228550854,-0.04678342423161997,-0.04028981190110746
2018-03-14,-0.009769044653138298,-0.03949075942016401,-0.041172000345240725,-0.03340423117637556,-0.03642070550615167
2018-03-15,-0.017620251005452947,-0.052841188498747874,-0.06295366045404237,-0.04595704532890587,-0.050685897029916334
2018-03-16,-0.023375110345014896,-0.06047776173921873,-0.06311630751862736,-0.04871913559416919,-0.05911680169855583
2018-03-19,-0.02653692527376141,-0.05202543987651417,-0.0545204278747147,-0.047426390532446766,-0.05660581282762904
2018-03-20,-0.02265992655823384,-0.04756695901221556,-0.05035869347032074,-0.03605877360763638,-0.04481874104169991
2018-03-21,-0.030456169674482798,-0.05301602363696885,-0.05970138913254803,-0.04209088917247351,-0.05951152285613031
2018-03-22,-0.030160177972624994,-0.051618656104718094,-0.058132383252826186,-0.04339324124256408,-0.05343900023383501
2018-03-23,-0.01503649767450985,-0.012669796193596837,-0.008977287033984985,0.004029746221271553,0.023589134654188933
2018-03-26,-0.004819108931685261,-0.0157192915264557,-0.015507796648708775,-0.005560521743198987,0.009038527509324648
2018-03-27,-0.01887439565858503,-0.04415510022688445,-0.02649513018793548,-0.035408162795791794,-0.029915840055399403
2018-03-28,-0.008584923090303192,-0.019583745352513247,-0.021441529508516965,-0.025414449751848624,-0.010842131449288198
2018-03-29,-0.014550661111218983,-0.02099801514654088,-0.031793911332371645,-0.02942481594854601,-0.023984311388898994
2018-03-30,-0.01284934244154091,-0.019535898541835555,-0.02848894523032075,-0.032419442552355786,-0.023659805574498028
2018-04-02,-0.008282749056359364,-0.029956965814903796,-0.028104701539699795,-0.03337946291331318,-0.031075696249623457
2018-04-03,0.0038534109549433642,-0.008670628667179962,-0.018561025889271512,-0.012674804910427896,0.0008138300497718601
2018-04-04,0.008844959994442219,0.0010237681756156863,-0.008662024083121897,-0.0025787505238390376,0.015912483586646986
2018-04-09,0.006660706839150577,0.002417145281534352,0.001219846536366374,-0.00887675857725241,0.009651732306640891
2018-04-10,0.005671719724836719,-0.00467122623771895,-0.005624794628971219,-0.007250976349980099,-0.004610834919261185
2018-04-11,0.0006339518221795126,-0.016416705619056615,-0.009142231488533138,-0.0167838021470071,-0.010044702616250225
2018-04-12,0.005987789709182433,0.003597129802948257,0.003948147902909265,-0.00968935206459791,0.0007583762891111204
2018-04-13,0.007634125528450075,0.0029201935799748613,0.01643360063187028,-0.004951918547634651,0.0016278435147803344
2018-04-16,0.0075924888507352085,0.01802300035283655,0.012506478146209421,0.015077154828279251,0.006850489245382922
2018-04-17,0.010493615950890624,0.036882281170032435,0.018299681605964666,0.014831881290225918,0.009184187618805522
2018-04-18,0.012255033590161946,0.03712317625592088,0.01682099311735507,0.018674402852943594,0.004725395119233439
2018-04-19,0.013539256493981808,0.031025685345157508,0.01835606378879607,0.01587425962822031,0.00811833459620009
2018-04-20,0.017400204754336655,0.040574774657089065,0.023793633889052004,0.023023768846931494,0.02837689918527762
2018-04-23,0.014439851983832592,0.03560485553549428,0.013346426475840226,0.029128086914477,0.024665997998701242
2018-04-24,0.003366629641863619,0.014424347446510537,-0.009575269571958294,0.008649401100790087,-0.004794716323739401
2018-04-25,0.0044996986330969775,0.013681479029578118,-0.009231231799775167,0.007828435449097905,-0.02050049295930595
2018-04-26,0.01910412315498024,0.029272301221151823,0.008833862660637416,0.01905722985944687,-0.007071625053431977
2018-04-27,0.013322645194515656,0.018956190613189556,0.00013417596692216332,0.01104046530269205,-0.0225208509939984
2018-05-02,0.007250756037218937,0.004633787799061743,-0.020140045564036976,-0.007466176615388463,-0.043988286638683274
2018-05-03,0.011044401046440564,0.012604121826405792,-0.014716683759325725,-0.005603748060751428,-0.05019002736172554
2018-05-04,0.004914337359285199,0.001565279146114826,0.0032728052759629,-0.015965580200774217,-0.05282625716474069
2018-05-07,0.0011527502073498239,0.0010618845780701902,-0.006417502045694408,-0.028840038920781873,-0.06058028220159543
2018-05-08,-0.00014917827144575062,-0.005589362583422668,-0.003731815927944898,-0.024080248298262077,-0.04362279179733871
2018-05-09,0.001419343408407032,-0.006597065270888667,-0.0056869217824980865,-0.02294234449651108,-0.04503038325368799
2018-05-10,-0.0012788072448484805,-0.010965156921012716,-0.015407045568141688,-0.0268774531616667,-0.053900570195866485
2018-05-11,-0.006790403853628724,-0.022408974300088317,-0.028079805158501905,-0.029428570823557064,-0.058795065022887436
2018-05-14,-0.013579209595991614,-0.02712134443358575,-0.03168607964787827,-0.03820140728557217,-0.06577616654126538
2018-05-15,-0.007712072995846856,-0.019645248147188987,-0.02022655161372388,-0.039304684073860674,-0.05701241177071132
2018-05-16,-0.00491405397989867,-0.021474562025463356,-0.024028423715721517,-0.0377537629520334,-0.06803147191828068
2018-05-17,-0.00011064276056299056,-0.017604795116555123,-0.02056365105588131,-0.036586677748286445,-0.06321720986786503
2018-05-18,-0.010855259593526888,-0.023923273254558983,-0.031469354601377356,-0.05878064074534271,-0.07943430716369962
2018-05-21,-0.03120089287151281,-0.054285496003779674,-0.06947227888364725,-0.11005920348460034,-0.12216868879018215
2018-05-22,-0.02941739158395889,-0.04928228571557937,-0.06533703464000737,-0.1048502816676863,-0.12730142858333335
2018-05-23,-0.0327008304526284,-0.0448042888549029,-0.06783694837881223,-0.111450745388343,-0.14287700469899914
2018-05-24,-0.031620949062058215,-0.07486088007650861,-0.06043007208945292,-0.08377031922999437,-0.1044237861013437
2018-05-25,-0.03190668189912764,-0.06024123259388037,-0.08368560989218432,-0.08289824393108437,-0.1046319829918936
2018-05-28,-0.03810988071011386,-0.07484212772011639,-0.082719132912884,-0.10016574090333792,-0.09535366781211793
2018-05-29,-0.048545169796600667,-0.07503864204098919,-0.08670964317520864,-0.07959648315242654,-0.11892429223733653
2018-05-30,-0.04613477864432998,-0.060532925794659555,-0.07517451766737461,-0.07892489832136493,-0.1045602720799786
2018-05-31,-0.04153635692201163,-0.05313854889693207,-0.06618540514233841,-0.06799130220633887,-0.08127562054379295
2018-06-01,-0.04125850403956146,-0.07357444186435602,-0.0828773876341559,-0.08361708433946441,-0.08188162544135438
2018-06-04,-0.03582467293555915,-0.08014883226498586,-0.08149070266602357,-0.09269632853425638,-0.07270181601401421
2018-06-05,-0.04232098278100414,-0.09928579736076532,-0.09940989007320293,-0.10991502842512471,-0.10596078319004838
2018-06-06,-0.04515302092080315,-0.10940940708029567,-0.10238461587668317,-0.12767466530142982,-0.12394564516634196
2018-06-07,-0.04297439341589369,-0.10169018738995059,-0.10038873805296326,-0.12032049549864929,-0.10409567853531787
2018-06-08,-0.025180515940879833,-0.06873388822023772,-0.07902456123368093,-0.08704578590520104,-0.0774401475318182
2018-06-11,-0.020626212373233407,-0.06703696584007598,-0.07165312108346533,-0.08527160296947658,-0.07093358104154915
2018-06-12,-0.032737671691044724,-0.09025315006120987,-0.09403803848776203,-0.1086765774523662,-0.09889824623289556
2018-06-13,-0.02165154087652872,-0.05997764684825065,-0.07949174509072596,-0.0757351552883787,-0.057809118797659306
2018-06-14,-0.03195479639754177,-0.04708862739091963,-0.07122241817948376,-0.06578074048527636,-0.05482473722126573
2018-06-15,-0.035501944306314225,-0.059969439235914065,-0.07020307074063989,-0.0567484732322525,-0.03807750082570489
2018-06-19,-0.027426994461723014,-0.033731575130997886,-0.03659203669477692,-0.033000233096115696,0.012430630840828294
2018-06-20,-0.024361901905728962,-0.03604998041700313,-0.04165855659630499,-0.02690149034426844,0.00777333859688229
2018-06-21,-0.022246765195366065,-0.029092104411253112,-0.030060417369208003,-0.005998213800056837,0.013701237570254607
2018-06-22,-0.008397954454146872,-0.016429383852189734,-0.022694222315302784,0.0032498428113957823,0.018422236738712742
2018-06-25,0.005827556207621765,-0.000457288959082745,-0.012923975475835467,0.017839779779715105,0.0373084747929657
2018-06-26,0.020027023249131106,0.03347370705398629,0.013095831717084906,0.0379247503263414,0.04255819910016552
2018-06-27,0.026176908156480858,0.04781802236339361,0.029440033052070984,0.04148965900334177,0.04808288038991589
2018-06-28,0.03689586570489539,0.0422348504976775,0.03096452001187694,0.040683422904781046,0.043424135739031734
2018-06-29,0.029717386949371087,0.025873620481597307,0.008001608168559745,0.007113087925691393,0.009101968144546686
2018-07-02,0.02767928600009793,0.0405781439060136,0.03380326966013432,0.01954925114006708,0.01745947487707659
2018-07-03,0.01949869296590714,0.04007026676523969,0.03560558737005855,0.007185541929580523,0.010163851057518406
2018-07-04,0.02698160536665364,0.04219776546291017,0.021654108928838525,0.007843675248312044,0.00377957733389413
2018-07-05,0.014060060376248526,0.027290976458828147,0.009083402888485553,0.008884856226593518,0.007191027529095711
2018-07-06,0.013996977258752073,0.009654310134667221,-0.00879168125448516,-0.017045213848192207,-0.015099489067022631
2018-07-09,-0.0004591971731648936,-0.0162655071016776,-0.04000919796089015,-0.0571604672083342,-0.03918284435965809
2018-07-10,0.009558177203406135,0.0032395662123078264,-0.02348657826720185,-0.03147024409588742,-0.042673808650377766
2018-07-11,0.009762099917430347,0.01117827124865602,-0.01910966180935455,-0.021659543181621835,-0.033659635260631676
2018-07-12,0.009233365447686381,-0.0023756581447214728,-0.017655065738137285,-0.028286136728211862,-0.029816976397403806
2018-07-13,0.0034018616715202174,0.0015611442187256287,-0.025167893906069046,-0.028956250996860618,-0.03365192609403051
2018-07-16,-0.0017152672723839929,0.0017992160515642069,-0.02242263658902436,-0.019779845657558543,-0.03702912335141824
2018-07-17,0.0044806188193616415,0.001669587622510016,-0.02118842781791764,-0.028728409937633915,-0.04030326467748328
2018-07-18,-0.005142057494602632,-0.0194427850635298,-0.027001827950318042,-0.039266545686293446,-0.04594798006638693
2018-07-19,-0.010939540723969427,-0.024517234752862774,-0.03547889441566799,-0.0430217974208367,-0.03664989240830032
2018-07-20,-0.02507821945058362,-0.05450976807876673,-0.049456157901288454,-0.07237638319661434,-0.07167120368298606
2018-07-23,-0.02481638178366184,-0.049889342154678426,-0.054900856319592885,-0.07496085873335086,-0.07460577904349135
2018-07-24,-0.030514199649566705,-0.0527683451338541,-0.058130157251817326,-0.07889330472191726,-0.07739800906681918
2018-07-25,-0.02960533626103811,-0.054976821188282114,-0.061805986856532595,-0.09304449559798361,-0.0829075790755019
2018-07-26,-0.0247960887795498,-0.045519607850369896,-0.05922848735844141,-0.07712547185108426,-0.06377592174131315
2018-07-27,-0.024775497285691967,-0.04115956976216515,-0.05226048353408588,-0.07300607209688796,-0.0689759946145245
2018-07-30,-0.015186845162353111,-0.01842482121231696,-0.03613325695066828,-0.04033045779707299,-0.03770059476039079
2018-07-31,-0.008676588775413987,-0.02294539085996093,-0.036634087644968547,-0.03567428969205027,-0.0389987448067848
2018-08-01,-0.006280131451504112,-0.01833277944221722,-0.023853847107143927,-0.0344567176420611,-0.02000050378153679
2018-08-02,0.0009633417278965431,-0.0035310713131656737,-0.009220190601434565,-0.023791655903461217,-0.01288193824686168
2018-08-03,-0.0026151985235359537,0.005051847720400895,-0.015775074398249846,-0.014961905861095056,-0.008476226083468017
2018-08-06,-0.0013835241825481126,0.004264744856807612,-0.004232005754715427,0.0020505059208530724,-0.002177170488564647
2018-08-07,-0.005432270908989956,-0.01040583903203737,-0.00960283321508579,-0.0051327110581690216,-0.0007468075412416273
2018-08-08,-0.009170163284362733,-0.0159115317677184,-0.01141931908554994,-0.006203763382358533,-0.0006424952019916835
2018-08-09,-0.020253162317600073,-0.038368563386406346,-0.032505668528812065,-0.03541859955722466,-0.03525412053495345
2018-08-10,-0.016482026560431802,-0.0324250398068988,-0.03763833308053341,-0.03957065697427422,-0.03554321534405415
2018-08-13,-0.013159007533884335,-0.0389485100384887,-0.04728367677157071,-0.05717751780315012,-0.05561987123268215
2018-08-14,-0.019031935944481673,-0.03600000342587943,-0.04893450790228963,-0.051978327790842396,-0.04543047059024104
2018-08-15,-0.015511388632666188,-0.02317416475930556,-0.030725907753801907,-0.04289396398416401,-0.024830118578664
2018-08-16,-0.005925455013168752,-0.013067836094926379,-0.014983106018106691,-0.03860678019313671,-0.010123045495813316
2018-08-17,0.0010386968685833695,0.004873061703974595,-0.004729659055398341,-0.031117379976834305,0.003250025895808669
2018-08-20,-0.005849976085026647,-0.015211853701242348,-0.023661578204315907,-0.05163571129204609,-0.006634782404810302
2018-08-21,-0.007129309791864705,-0.016742258940910186,-0.01963214086736618,-0.03529936509914222,-0.019459073889500595
2018-08-22,-0.0007271736735477192,0.0032726921031931678,-0.003207572920197077,-0.02740577529189188,0.0014850276179646754
2018-08-23,-0.0010418731665929326,0.0009691787418334686,-0.0037858493971542778,-0.04091090563362928,-0.0019797757297277054
2018-08-24,0.010254813257079118,0.02472551018866895,0.016175902581121022,-0.013776580156679067,0.009465275910000777
2018-08-27,0.008949769317928711,0.0036197028325950747,-0.021856455679036924,-0.0370632481395935,-0.01696676785931328
2018-08-28,0.013058380727456766,0.013636980586632985,-0.012683408067898916,-0.031005156779130908,-0.011988294997036592
2018-08-29,0.00985518404778075,0.016981368812260526,-0.011189013909776207,-0.045222838466610335,-0.009510295466755034
2018-08-30,0.015874835566950265,0.029610386402171934,0.00814581847248109,-0.022626773171052286,0.0031462884295682353
2018-08-31,-0.002729943214861776,-0.001460714245723625,-0.017265756992727168,-0.04640301113726534,-0.023492840368338652
2018-09-03,-0.000661535866447484,-0.0010582962080834218,-0.020392177271909364,-0.053432488193197604,-0.011237180052039426
2018-09-04,-0.005738347077481649,-0.007137706711051244,-0.03072957936338429,-0.05947361468943858,-0.03905921143174992
2018-09-05,-0.025695006927685955,-0.04625325042765814,-0.048282502756201474,-0.1107911438626014,-0.07753056065077321
2018-09-06,-0.015342592711185512,-0.025039006449804998,-0.03533915426282172,-0.10899160463216126,-0.058587412597798594
2018-09-07,-0.0248295616110147,-0.03778272752920297,-0.05525132169897195,-0.11865449409176666,-0.07168734084214091
2018-09-10,-0.010524286506611207,-0.0370438883522241,-0.051528285606531624,-0.11012900827250068,-0.07992635828614765
2018-09-11,-0.0036305720414295728,-0.027313781728978265,-0.03954755318236662,-0.09457058784568814,-0.09243596926924033
2018-09-12,-0.013968195185382384,-0.04689489569398921,-0.062226198531071544,-0.11692014855586698,-0.09557827886014612
2018-09-13,-0.006746272582514566,-0.03915006792261696,-0.04818295942310647,-0.09369217343680866,-0.08017134504168542
2018-09-14,0.01310533003885818,-0.01143685073141836,-0.0025712848994584848,-0.054168609733858564,-0.03315453437896309
2018-09-17,0.0036882083413847877,-0.025698502326440956,-0.01542289397350398,-0.06970215553796572,-0.0536953357138396
2018-09-18,-0.0029900007917051385,-0.029082178458415004,-0.022151096650413933,-0.08439354596271995,-0.06124315034671391
2018-09-19,-0.011603366376036348,-0.04890143062107991,-0.023428322933474337,-0.09859517829279792,-0.0815123635174817
2018-09-20,-0.013415541059383878,-0.046744050842681156,-0.03776521355993433,-0.08760732104108306,-0.08784393684021122
2018-09-21,-0.04027188462807018,-0.0770984379362594,-0.08027316826418618,-0.12252623815057381,-0.10909839397324818
2018-09-25,-0.03352566303880332,-0.07133043665872175,-0.05712762397158056,-0.10872546333091102,-0.10847546372074848
2018-09-26,-0.04060397035954783,-0.06666313479870767,-0.07082384719492264,-0.0953181852792465,-0.09959347115243933
2018-09-27,-0.027472791880982776,-0.051860175076394566,-0.0593983101711525,-0.08064633957830052,-0.07494088969546611
2018-09-28,-0.012647262541309283,-0.03964471515897879,-0.040821123302936246,-0.053115760089213634,-0.06984368528960727
2018-10-08,-0.017773577418408633,-0.005952866599950416,0.00026680254903052987,-0.035042480165583055,-0.024875957010944076
2018-10-09,-0.017139099158752724,-0.014233903893722597,-0.002663485595997439,-0.019380317183619926,-0.04303053041805854
2018-10-10,-0.022292852052243923,-0.018824503657781023,-0.0033396345166626213,-0.010760925267595294,-0.05026957769080182
2018-10-11,0.007078415260255115,0.019803901732953537,0.022797626364417067,0.018569465695001747,0.04611508394775129
2018-10-12,-0.005938620120009365,0.006455822095726736,-0.009698968582135089,0.00904859247507803,0.03995196387828645
2018-10-15,0.004080759302254148,0.02014936467429984,0.017833251936361975,0.051116922192874094,0.07152267037248031
2018-10-16,0.009907422450478669,0.030203609101471813,0.02482801113971014,0.09770516898673556,0.10387059064244143
2018-10-17,0.00043875650978125735,0.0161320765369293,0.01094187270018805,0.08252484337292523,0.085914949058111
2018-10-18,0.017472544335672222,0.0475599577988848,0.048018812030227766,0.1306317444413188,0.10416354133602243
2018-10-19,0.011734462662903242,0.025454889624403867,0.03448785669180093,0.11615978168430718,0.08879632496343061
2018-10-22,-0.005266921563293092,-0.0005663767637935398,0.0074319906207119335,0.06906872704794527,0.042197861267115
2018-10-23,0.0004450303165527652,0.011584904613503175,0.004241619499049617,0.06442214517724185,0.04006426377198917
2018-10-24,-0.0016523743344999872,0.004610989739234421,0.00993232646958897,0.06635836886187993,0.043729066833178475
2018-10-25,-0.0007102839007897395,0.006237772697720777,0.01748294590169183,0.06372993537219564,0.05247404528345093
2018-10-26,-0.010154038281035569,-0.008973443205756382,0.00039823015489766556,0.02514812210259642,0.030204848735755924
2018-10-29,-0.004907036862131601,0.021537339774514226,0.01287048311662764,0.05022952603624701,0.03341174158294082
2018-10-30,-0.007811871652975899,0.00988504983235836,0.012842828894389837,0.041243365907083836,0.02716855007162657
2018-10-31,-0.008126807484272105,0.002406267139587827,0.014625566671807175,0.04439709567630101,0.020609383768527605
2018-11-01,-0.010371532816528362,-0.014694665987272402,0.00031807728196586726,0.013573073517489188,-0.010662534706520288
2018-11-02,-0.01791732574641545,-0.030042916751892697,-0.025118423910095493,-0.014325881057656618,-0.03424260622551334
2018-11-05,0.0019893860991012794,-0.00348113639255094,0.008353490008156942,0.017727842400713685,0.001580273095774798
2018-11-06,0.001502268330963282,0.0017236923543185417,0.010121984056716373,0.024690272512221747,0.005276101317638739
2018-11-07,-0.002640486146754939,-0.0022604500265323646,0.007818084702591068,0.017566509291688213,0.007914045931689841
2018-11-08,-0.010559310061861327,-0.01655893226246697,-0.009941959726313279,0.0032816458965444495,-0.000799061155207321
2018-11-09,-0.004752026258258179,-0.0060059493815931885,0.00528571052182777,0.00590127801382706,0.006394538194655083
2018-11-12,-0.01268498247188107,-0.01712314221412779,-0.017141343976884913,-0.02548199196160836,-0.02340985768012004
2018-11-13,-0.014864200510944836,-0.022002871924427552,-0.022205664359820614,-0.03434020850477243,-0.02991782558912385
2018-11-14,-0.007475953933218292,-0.008019707361457335,-0.007852915869093091,-0.025983542281463583,-0.017455863932981725
2018-11-15,-0.006581641598613423,-0.006738567996332315,-0.007131164719511941,-0.029239619600043825,-0.02091897798047366
2018-11-16,-0.013620017766410478,-0.022482355450335285,-0.02659706365258662,-0.05507494083982677,-0.0484565157159695
2018-11-19,-0.02321507422845758,-0.031815522762766245,-0.03788638520544212,-0.06648083177848393,-0.058256746270405405
2018-11-20,-0.019065175513201398,-0.023746992918315828,-0.027701556458514617,-0.04282205369569395,-0.04851929541655536
2018-11-21,-0.018963227759854682,-0.027812861384377757,-0.03821217086451806,-0.054415126824433606,-0.0628891288188038
2018-11-22,-0.024861704518478515,-0.03373792749738003,-0.04783271790040838,-0.05548010938969973,-0.0586451259309444
2018-11-23,-0.02154212085932048,-0.02860904596956473,-0.039169732567401146,-0.03379386982080114,-0.04855339962517188
2018-11-26,-0.021453204460998677,-0.023329155362860694,-0.035839750261779706,-0.027872121111535548,-0.03856450492036809
2018-11-27,-0.024790019893782465,-0.03184941395896144,-0.04492744594244504,-0.04395389406437261,-0.04375710896036445
2018-11-28,-0.03071841442616701,-0.04489594164049561,-0.05628627209327108,-0.05961079056957473,-0.061197114987512964
2018-11-29,-0.023466292030987473,-0.042165106570724524,-0.048918180735197506,-0.05070572600046195,-0.04735591675039636
2018-11-30,-0.02624189810170521,-0.0468738388130317,-0.05322843213104552,-0.05234780025698077,-0.05741944842454099
2018-12-03,-0.04612219746187901,-0.07905298099442791,-0.09338368045574887,-0.09175139920340047,-0.0871138170004683
2018-12-04,-0.04164751304927642,-0.08228567755885582,-0.09202239574030154,-0.09857906629904166,-0.08772113787950066
2018-12-05,-0.03200010916987113,-0.06003190568883966,-0.06829975164761583,-0.06764674848780686,-0.06161545344644653
2018-12-06,-0.023455484905161805,-0.031897123723857924,-0.036322108876809554,-0.03910461003504928,-0.040689307481784974
2018-12-07,-0.022375075950786694,-0.03242121927011037,-0.03944214503912743,-0.037578685240667285,-0.03495044100398049
2018-12-10,-0.008015491798526295,-0.011435881528239322,-0.0193738146573468,-0.019720541217773384,-0.023794390005476545
2018-12-11,-0.010979044617214193,-0.021538696556703422,-0.0238114460910363,-0.02742148777690936,-0.0334311744475762
2018-12-12,-0.010402592318526638,-0.018849248116022756,-0.023058983145030836,-0.02483539964301164,-0.03401161753345062
2018-12-13,-0.021116203902752987,-0.038611941426399975,-0.04132104613959826,-0.041153556807472895,-0.05344209497809997
2018-12-14,-0.007838832497540344,-0.01311737038363189,-0.007066979687219731,-0.018388955236236244,-0.008022607950404739
2018-12-17,-0.0025889946128977437,-0.010111201662299896,-0.005450985365684489,-0.014054258896674847,-0.002984990187732393
2018-12-18,0.0009602603736450841,-0.009383179616845368,-0.0013882769507468447,-0.006470300170603486,0.0005901045460794582
2018-12-19,0.006698851672060913,0.014334343931500617,0.022841891419893696,0.010758938221731422,0.028921316423201098
2018-12-20,0.017139904546422495,0.02726328106617672,0.03391644993337507,0.020649805524124813,0.032296295959454255
2018-12-21,0.019061155861305017,0.02323717084687421,0.029605089537688572,0.023870583811605086,0.03201352675235897
2018-12-24,0.018508833219591674,0.03437547298257008,0.020949817182446262,0.02098446496000716,0.012833400874590553
2018-12-25,0.028968999290695557,0.03480694542993174,0.05083870750581413,0.03677512010168884,0.03618742771777171
2018-12-26,0.03316461254988923,0.05220885190625356,0.060371854942547584,0.03786049100354257,0.0491123452869778
2018-12-27,0.03232099605431582,0.05073711035216698,0.05769610025056233,0.04377721982794969,0.05112038353652289
2018-12-28,0.03198602347404657,0.051758158091688565,0.05366750116558193,0.02976772384574348,0.03862020125750127
2019-01-02,0.03496868585466734,0.06145122271115749,0.05825909197102554,0.04920820800092329,0.0385280915680714
2019-01-03,0.03703020631771612,0.07187201891649586,0.061983395043160146,0.050140059215296774,0.04350422994822125
2019-01-04,0.03727979560120547,0.06109536456389334,0.058472548155771915,0.05310186100717289,0.0442695956984071
2019-01-07,0.046416833066200175,0.07125007760246393,0.06362276259845899,0.05821040364689672,0.05437092839396694
2019-01-08,0.048272131399106015,0.08504847814427467,0.07190853120434106,0.07158989722805069,0.0610657582860977
2019-01-09,0.05306923073307468,0.09488818767595354,0.07948429605905065,0.083974398696279,0.08054543059966254
2019-01-10,0.056314919506540176,0.09322614567012502,0.08709854689516584,0.0854834307410707,0.08636803846685989
2019-01-11,0.04054217777147484,0.0758998994212566,0.06262488327721819,0.0761769624722438,0.05731961011503287
2019-01-14,0.06667988114792532,0.10352852380358281,0.10052513751825645,0.11960845306729515,0.11642674048543596
2019-01-15,0.05753127735368394,0.08294746168882486,0.08715307756827359,0.10002167364753456,0.10686025863403545
2019-01-16,0.05794368868898016,0.0885979680505756,0.0851003257654804,0.10225780511540995,0.09911205338219582
2019-01-17,0.06243010990639485,0.08614501729653323,0.09181011911850129,0.10556320268817929,0.1165468872953357
2019-01-18,0.0672248218576263,0.08243896180048281,0.10531309460719449,0.11785233501308946,0.13317653441536847
2019-01-21,0.10152671121633847,0.13859875061517227,0.1526751613130848,0.17508166663261546,0.20482898557352355
2019-01-22,0.09870527177696457,0.1433618231195715,0.15567797532991093,0.18607003361744984,0.1985349967969434
2019-01-23,0.1000942978424778,0.14348002312976796,0.14165084269193773,0.18014547213226045,0.19284628576306787
2019-01-24,0.08732931686083967,0.1357087951624463,0.14483573037281175,0.16523801287038595,0.1773844483725904
2019-01-25,0.10105243002272621,0.15035233157280242,0.15012734683652024,0.15810800160993768,0.18559596240417306
2019-01-28,0.11096702182840541,0.17108330852202233,0.193401982382508,0.15825821714694902,0.1993364717676488
2019-01-29,0.10896259433942905,0.1758450155139241,0.1913070952163772,0.22953522014403946,0.22114611291605857
2019-01-30,0.11896912264804611,0.1943340490411398,0.21408051471398687,0.26210342098647377,0.23246057472313897
2019-01-31,0.1060578328797494,0.1798017852961808,0.21086022658463616,0.2547597924087069,0.24551337948783777
2019-02-01,0.07099267792549432,0.11352799459547461,0.149721554216273,0.19437835096811185,0.17464846891690122
2019-02-11,0.06754993833945523,0.12777510047453847,0.16506358439374288,0.2085939104827168,0.15174507519376415
2019-02-12,0.06610607596951269,0.12047348222033225,0.14846916876699096,0.2443517168355037,0.16768109599278075
2019-02-13,0.05238551395164011,0.09822134594955124,0.09709202314204228,0.20565773878833252,0.11617230111341244
2019-02-14,0.050031681327349885,0.0802340341178542,0.10560012690388529,0.15664395611122547,0.10436369834562961
2019-02-15,0.06509683484212296,0.12351161882324069,0.12765567964440516,0.1772098930466206,0.12252011576819223
2019-02-18,0.0675450698736967,0.11436733947947209,0.11443749795278475,0.1650126378049618,0.11316390292660071
2019-02-19,0.06826791124001506,0.12123686274381985,0.1353696382138745,0.15442467539372093,0.08701878689274882
2019-02-20,0.06350260131186226,0.11523683283157485,0.1371654833304621,0.14630480738753285,0.08970585299517349
2019-02-21,0.060581001880438336,0.13076953815957607,0.13762013585208782,0.1596663711238438,0.08343497877967967
2019-02-22,0.04873044432383674,0.11956509699163999,0.10371450835832778,0.1028231085570613,0.09145759067738686
2019-02-25,0.0041378150782838945,0.02520262513797046,0.030936170996313888,0.021245822560590568,0.01609986522381165
2019-02-26,0.01234318507332608,0.012572610300886492,0.01774194238728968,0.006294886299531736,0.01682436695315766
2019-02-27,0.01791999127660473,0.025517868877369478,0.041442079378651984,0.013233578966427266,0.026980921247873886
2019-02-28,0.018182328109540607,0.02532868615745896,0.025087710994576993,0.022585315968027996,0.03040712088776988
2019-03-01,0.02302100734203285,0.041741146311972545,0.05318627537879635,0.032825975851337286,0.048611047592936295
2019-03-04,0.03030109026879422,0.05757688820812625,0.07103603228040642,0.04767846021345908,0.054972178751072596
2019-03-05,0.02653403160691276,0.048567626236794066,0.049055779562474804,0.04689479642827528,0.040968228238288565
2019-03-06,0.029653854810619714,0.04206911335482138,0.04440149845890857,0.053738425574956804,0.04155549886431758
2019-03-07,0.03689950245763203,0.05416699724223017,0.06475015599119248,0.0595835880450545,0.0386952460401405
2019-03-08,0.04688634287472769,0.10362911582142038,0.11304460943672826,0.07577049802502779,0.09383708796171224
2019-03-11,0.03928245588103209,0.08454965769993777,0.09271871038623583,0.05415072323882124,0.07301250542096203
2019-03-12,0.02918644760809242,0.07715364098236215,0.08215587584514185,0.03939365666709222,0.04713103095422985
2019-03-13,0.030491806428990728,0.082969029572071,0.06274821335771398,0.046278508912135696,0.02668300135457619
2019-03-14,0.029380828133686386,0.08972312994682054,0.07617790434840006,0.06123300236544472,0.03865793488943767
2019-03-15,0.0251510400958287,0.07273955332308643,0.05912580629866214,0.047531323135938296,0.030006189381389332
2019-03-18,0.019123067963413082,0.05856083680627781,0.05677678094699949,0.04241086234994863,0.03912935040509982
2019-03-19,0.02271075804991341,0.06074405945443906,0.05919360660453451,0.04343946833576557,0.03328227073987566
2019-03-20,0.021243343306563293,0.05816230409980869,0.06097530116450924,0.04367321144338528,0.023876232610244807
2019-03-21,0.02598818039956412,0.06535118405715037,0.06993166883163185,0.043013253625355116,0.024641462793442502
2019-03-22,0.02376118687253343,0.04047816812101076,0.04753046473064531,0.03525050033891198,0.015362430039687631
2019-03-25,0.0326380227863089,0.05264270178339232,0.055041912716906685,0.04073134478398626,0.026759963416980868
2019-03-26,0.039436670786104744,0.06881124188296442,0.08621205390363391,0.05490886100876245,0.057795758563193446
2019-03-27,0.026101859077452952,0.03646068470889198,0.049111248401033064,0.023991199795821296,0.02741668477584578
2019-03-28,0.02402186809787575,0.026000515338266385,0.03711531543254612,0.021891746824601082,0.02446020514288362
2019-03-29,0.018108112226918924,-0.009223928418786482,0.003138466759288576,-0.02207653172562598,-0.030006781267459072
2019-04-01,0.0057167948744965905,-0.03186769641970319,-0.023469589474998595,-0.05307445546292815,-0.06881977194084317
2019-04-02,-0.01761236129272685,-0.08316048709178997,-0.08406799498736228,-0.11252522087202302,-0.12085936756458049
2019-04-03,-0.014341477434480172,-0.08593837587876278,-0.08394268522684203,-0.11941655777507929,-0.13980402690806074
2019-04-04,-0.02385765845953089,-0.09970013381884095,-0.11172344558356173,-0.12748022902956635,-0.14316768408720748
2019-04-08,-0.033504173323026125,-0.11518138862425548,-0.12208244010102728,-0.1436026028657233,-0.14500634758464623
2019-04-09,-0.025228737926990534,-0.0925961559570124,-0.09886066893876003,-0.12026007479986936,-0.1141715294740407
2019-04-10,-0.026870704542683976,-0.10691993435119794,-0.1097194628143888,-0.1200536497051114,-0.13597913524489286
2019-04-11,-0.034600198996415796,-0.08832368044639628,-0.09862361855411965,-0.11198844146576033,-0.11958592595922589
2019-04-12,-0.02484579210581519,-0.06858109426852042,-0.07400835790689052,-0.0928561010973817,-0.1044031763511323
2019-04-15,-0.021121736511980294,-0.06034212539862833,-0.0707337366344942,-0.08561250558063316,-0.09734064291696189
2019-04-16,-0.030517055058212006,-0.09423530195099501,-0.10885769070948817,-0.11952852126387734,-0.1442134605197713
2019-04-17,-0.03466058955989584,-0.10704041434547377,-0.11888471668657415,-0.13092001843860854,-0.14209738232268315
2019-04-18,-0.03037296016917873,-0.09615328232310684,-0.10357640347516411,-0.11639953579273685,-0.12676926543361883
2019-04-19,-0.035472545697099366,-0.10621679487800435,-0.11811550861280966,-0.12754360673224988,-0.13694160754038306
2019-04-22,-0.03848535807917601,-0.10871470260212943,-0.11522712185610258,-0.1295690737396582,-0.13323296373214458
2019-04-23,-0.03884974159977109,-0.10327310752939724,-0.10817208314918358,-0.12259912649129215,-0.13349045383098984
2019-04-24,-0.03881961304416832,-0.08854213580223257,-0.11222714605754897,-0.10618276833314046,-0.11960116640896115
2019-04-25,-0.03164785333604362,-0.06644411923396071,-0.08086175647777735,-0.08991075911123336,-0.0942259422186383
2019-04-26,-0.03132751816771821,-0.048766769987776286,-0.07034975644084678,-0.07771536895486886,-0.08167266396186537
2019-04-29,-0.03608555779367732,-0.05365866809699494,-0.06767979716923449,-0.07632336412064178,-0.062171631980572524
2019-04-30,-0.04077250278730281,-0.05623541457780715,-0.07340727825238984,-0.07229727340880726,-0.06594177105146173
2019-05-06,-0.030487010851879243,-0.013877916103522158,-0.018461429998827363,-0.0031727160372554825,0.004216258736627024
2019-05-07,-0.030796067366293763,-0.031283354239521624,-0.03564151548657157,-0.027377740613825585,-0.015976942755745488
2019-05-08,-0.017677191936535767,-0.01713999130623379,-0.02421311072814257,-0.015171267100569354,-0.011589491981066243
2019-05-09,-0.010846500812709721,-0.004896526296132124,-0.01658469636467168,-0.022063844021144956,-0.024000607971705605
2019-05-10,-0.004883791739262018,-0.023579406584278418,-0.035603517495572175,-0.040880627875319785,-0.05251724634888217
2019-05-13,0.0038103063827405123,0.017193820831046005,0.0020632488112490113,0.004490920322269476,0.00012360056632132466
2019-05-14,0.006949817234868809,0.01796848279181397,0.0012233424932722873,-8.977849307538015e-05,-0.002158735304378756
2019-05-15,-0.0030544586965550458,-0.005190428247070818,-0.011316669446094461,-0.020578481454994236,-0.014392205191213717
2019-05-16,-0.0055757170027066275,-0.016458434744023216,-0.024005039263714445,-0.0386832059015308,-0.038226080980652416
2019-05-17,-0.0009623256903085672,0.0053348167579378505,-0.0068581335859374684,-0.013101142871686282,-0.006203365656666307
2019-05-20,0.0068679582022321065,0.014986214780324025,0.0012556396775756855,0.0011490302599204485,-0.007270836268783956
2019-05-21,0.015513022509299298,0.020567876069693094,0.008111575115836593,-0.0035318642701196003,-0.007788942875030305
2019-05-22,0.029594475000131015,0.050020256137543545,0.03256958547218939,0.027579686387613087,0.019680724870815722
2019-05-23,0.03917527303792795,0.06540177446956269,0.05468140761596508,0.055613301816124075,0.05417246022424195
2019-05-24,0.040444315985902375,0.06866387971592015,0.05347136713779614,0.05512682341549707,0.05874699722832408
2019-05-27,0.03245551129029706,0.04741440844397096,0.03353442922052939,0.03012900765835272,0.026232352688854037
2019-05-28,0.028217091966981703,0.04427708864620573,0.03470529088767143,0.025792396424651653,0.027078577604970018
2019-05-29,0.03577093343639322,0.051497676841816956,0.03891813308482692,0.031673785923807804,0.03539134226259234
2019-05-30,0.035836713456667016,0.049729964525711524,0.04454236168111278,0.028434893844532773,0.0357836534683886
2019-05-31,0.051226719181637376,0.0826102277150407,0.06562298009217701,0.06012800206116367,0.07221848147532073
2019-06-03,0.05281977749353357,0.07791144939269928,0.07722277307177161,0.0625463797460152,0.07880117347654012
2019-06-04,0.05493182052021579,0.07900020506268636,0.07748187549133667,0.07186249954503177,0.07914273179236248
2019-06-05,0.04885761726068996,0.0733275060445136,0.07038349917294326,0.0667743196075725,0.0728505273530936
2019-06-06,0.05169865760130811,0.08636932126436811,0.0854343355100681,0.08745193284435508,0.09489225167035553
2019-06-10,0.02962356429355298,0.0530018947008479,0.05171407822098262,0.05019890112876811,0.05203871944468473
2019-06-11,0.019538364570139896,0.024282810016282755,0.0232555359710062,0.012888891127727536,0.01606913915057198
2019-06-12,0.021795358644867896,0.02901032570779442,0.0261694540027965,0.010680584523992225,0.025476715208610765
2019-06-13,0.02753739126056276,0.03375490140500399,0.02366796860068865,0.017389841656512493,0.021026356024292522
2019-06-14,0.02904093142705906,0.047311299318434495,0.042359150917028396,0.034667200572371645,0.04017901385347504
2019-06-17,0.029227996979932433,0.046346120463171006,0.04627283456342144,0.04355161376082475,0.05421835297431815
2019-06-18,0.026147220868641477,0.04073850756483717,0.04099089653635402,0.04706283549612198,0.05366784999176111
2019-06-19,0.018813075115085596,0.021702682602076324,0.024981145733512608,0.03188106211569776,0.0379551976143162
2019-06-20,0.002116637765693234,-0.006238074052671044,-0.004123245820825752,-0.0008685203619836837,0.0005521683357134766
2019-06-21,0.007696615269088852,0.000984594597715674,-0.007057226665493341,-0.0007189157912468533,-0.007295496223630148
2019-06-24,0.0015086832684565246,-0.0025238010352522785,-0.00993299932495708,-0.011301748061409126,-0.019864068297368753
2019-06-25,0.009964718863896431,0.00852245943190965,-0.0012439407485430529,-0.0019194940620549453,-0.0037207415139257835
2019-06-26,0.016544459740451753,0.016458315754470734,0.009775371919350108,0.003463170011269584,0.016506335589577953
2019-06-27,0.015445867868017445,0.011109498250360415,0.006035018480353677,0.001255441085820548,0.01101372029293167
2019-06-28,0.015390063553271625,0.009374949081086104,0.004910579200265261,0.016842185550955083,0.01776082504896235
2019-07-01,0.0020912021611713127,-0.015530057124862266,-0.016468760114314293,-0.014977183178116915,-0.020227215219853323
2019-07-02,-0.0025422673590661657,-0.0013759862415560278,-0.019400888145932382,-0.005798137152747726,-0.017452915836409844
2019-07-03,-0.006964017561083538,-0.0018051707457924226,-0.014854225743991888,-0.00029581077777496995,-0.015891051943405878
2019-07-04,-0.006950484028310562,-0.00785537377837836,-0.019219118306842177,-0.0037619292150853426,-0.010573155505588003
2019-07-05,-0.016590148767357354,-0.023044718642392,-0.030590909202341615,-0.02663250139382259,-0.03289706926561519
2019-07-08,-0.014083213713089815,-0.014573175845529238,-0.02398001939820056,-0.019155083093883696,-0.020794195830621483
2019-07-09,-0.020797701734518448,-0.025958606441726755,-0.035113859970389065,-0.03211290826011558,-0.034693802216737825
2019-07-10,-0.02012194831850779,-0.02222845501813145,-0.037031568307328434,-0.029048411258772285,-0.03381901252818066
2019-07-11,-0.014352521625747464,-0.011974661674180036,-0.035057384137312346,-0.01955861200105996,-0.027994540689275232
2019-07-12,-0.017010374853514258,-0.023236937275867522,-0.048712914991680366,-0.029468596020623884,-0.03830975388523958
2019-07-15,-0.012640716209514843,-0.01769372004746452,-0.037060812724761936,-0.033168820803280236,-0.017486682465700096
2019-07-16,-0.01369652596153502,-0.02438244875969623,-0.04360718700463666,-0.03860267988444219,-0.022966213140427877
2019-07-17,-0.009891682425681843,-0.023497202215789825,-0.041362627944595706,-0.03250539418991856,-0.013771660703054057
2019-07-18,-0.013300132553069414,-0.009926300820047577,-0.03535675698766841,-0.018495613802340473,0.011073950806579554
2019-07-19,-0.018823770872485428,-0.019266456236153175,-0.02530791473133686,-0.0164855897997696,0.001387571644699316
2019-07-22,-0.004469783031297793,0.002163708415848481,0.005405346186440958,0.023149842211543384,0.041550153252026226
2019-07-23,-0.0039974592864211326,-0.005605118880534395,0.013140818416828437,0.013542696457283475,0.03289677226992317
2019-07-24,-0.009519703985954135,-0.015008522091372593,0.0038031313308725186,-0.0004613014374214297,0.017030971823494105
2019-07-25,-0.012865503635185864,-0.01874593481144185,-0.003562613825123462,-0.0026964758826591856,0.017201822833875238
2019-07-26,-0.009969080067853967,-0.013632094203477121,0.0013057036582218536,-0.0022623146564104135,0.017850613378224106
2019-07-29,-0.019114615597112732,-0.02482235287521426,-0.006878897537480021,-0.012928405130859147,0.010860496834909188
2019-07-30,-0.014260925783204488,-0.016509392292122574,0.004903671126649224,-0.0017606162495671165,0.02126087063570718
2019-07-31,-0.014205374467104962,-0.011522449109387399,0.009439977042377801,0.0009612500864827483,0.01220271806862129
2019-08-01,-0.009536395778501842,-0.007544352897000936,0.014477762934946766,0.01397104390071148,0.015095357252516905
2019-08-02,-0.000420936292925487,0.007794971882353834,0.03158650637894431,0.02293497021646059,0.023110837270694323
2019-08-05,0.012493406481618133,0.03616085357744468,0.06194283640194721,0.05712966100654354,0.05492111139291568
2019-08-06,0.021260160761648807,0.05264010129840845,0.07804765652892343,0.07854909709145967,0.07653743348947817
2019-08-07,0.029764456291121573,0.06616154824593698,0.08817951162892058,0.08801117815227882,0.11008482544217917
2019-08-08,0.026121107808458163,0.05598487097925256,0.08865834777838426,0.09274877366567243,0.1150302926819475
2019-08-09,0.02951841668396064,0.06316868256376795,0.10041017305343292,0.10482910900757197,0.1363824074959337
2019-08-12,0.02603112463368417,0.06611396007873374,0.10012611416678917,0.10371905648915652,0.12849944287664727
2019-08-13,0.03441224288842318,0.07544455926571822,0.09835468325867733,0.10384421070985031,0.1365685866625008
2019-08-14,0.03324550396801958,0.06951961102230358,0.0752679986284202,0.09582011417901433,0.12501755775055118
2019-08-15,0.04038018010220991,0.07432308113500807,0.0792451055093938,0.09830478135877305,0.12238385912536089
2019-08-16,0.03643634880681024,0.06803058199775693,0.06988394138635164,0.09970496925736284,0.11315361851108267
2019-08-19,0.016748462241308177,0.03223117854557492,0.03281042327974424,0.0431134154510063,0.058635561118043945
2019-08-20,0.025040798983349703,0.03383885910979316,0.03862149051376359,0.039791163267385285,0.06081628970395592
2019-08-21,0.02641462705389749,0.038816614567672596,0.04542287630754476,0.04623740375834514,0.07195320173393428
2019-08-22,0.02823407074644964,0.03537773690976985,0.04847716203149126,0.04416624039084598,0.0761762497071296
2019-08-23,0.02029206607365229,0.02054528527064483,0.03360347150089517,0.035073874235994354,0.07398919598765888
2019-08-26,0.028234472713538683,0.034216280583067575,0.04898384690092082,0.04882518906234895,0.08811181487408161
2019-08-27,0.018155030059650093,0.013741103256889105,0.01871987821761166,0.022489808837514145,0.049415522718117506
2019-08-28,0.01876344895289735,0.013461944504402924,0.007064549085949914,0.008276428175181748,0.034043755627233815
2019-08-29,0.018175959853234988,0.013716116193739544,0.017439730773686865,0.012103226058123381,0.03834365549653955
2019-08-30,0.013769845578240207,0.008145625791673427,0.009494803639830537,0.004160016304980394,0.02691558142823247
2019-09-02,0.0064798465621624945,0.003735897416628232,-0.008054550296919613,-0.007138998784215422,-0.0026549863787744205
2019-09-03,0.01013767797410839,0.002781880746087268,-0.00894864746298015,-0.008881949041135422,-0.007062246439328003
2019-09-04,0.008965074935282185,0.0024505741746310645,-0.004595458698504325,-0.01320702454536085,-0.010872224529320455
2019-09-05,0.008238642450122945,0.0024419931396852082,-0.007554664024861336,-0.01593630121489121,-0.01924606721790675
2019-09-06,0.009557942843784686,0.008218507762593998,-0.0010749794089162656,-0.008146695604261555,-0.008757352202515525
2019-09-09,0.006745642984994514,-0.005551047375230082,-0.0197291692569638,-0.0310605208225305,-0.03796795546272888
2019-09-10,0.008142128781273955,-0.0041799484786885655,-0.021862798332402626,-0.029961996514760225,-0.03173728891250032
2019-09-11,0.008382232454919331,-0.005433942149512847,-0.01060875578630777,-0.018959801179586594,-0.029185165063731134
2019-09-12,-0.005291607198378956,-0.019963677979442554,-0.027959944108427743,-0.037604371838260174,-0.04545412227258255
2019-09-16,-0.0038707882555422007,-0.018690664809977102,-0.03034843248051895,-0.03900367457402121,-0.04139886967640995
2019-09-17,0.006410107770173882,0.0007123795436836327,-0.0036266238190126397,-0.02013794528304212,-0.025398228353659177
2019-09-18,0.0011866302410393477,-0.007036816536132985,-0.01464690853958758,-0.02280950981786564,-0.037010597550798253
2019-09-19,-8.653441884443675e-05,-0.010551626388994909,-0.02107865232094421,-0.02868655009626902,-0.04249788988428896
2019-09-20,0.00044245716937099227,-0.008024845661926152,-0.014728712677042578,-0.022280999748611426,-0.035401772258230615
2019-09-23,0.006636069437727023,0.009767142513327696,0.0034258886218340692,0.0037682478421669,-0.019403658407060376
2019-09-24,0.003102804903822654,0.0049627446908145235,-0.006610277473921209,-0.007153784424917437,-0.03224621263904812
2019-09-25,0.004473921123219334,0.0036339505463053434,-0.00037348336396438394,-0.0028516371641028734,-0.019855797441883566
2019-09-26,0.011467040309025239,0.006806984423316158,0.012293923743353148,0.006278686751601197,-0.0029037639291373076
2019-09-27,0.01796427060775304,0.01904624597624842,0.024684239823827146,0.00913258469838669,0.004237605683480101
2019-09-30,0.02509123121762148,0.03364065239000508,0.03422592069063802,0.029308403697476712,0.021340445140030306
2019-10-08,0.030401274854840853,0.03678290044857935,0.038439274478387644,0.036007589792946534,0.03081172815727306
2019-10-09,0.022705833427081868,0.030056388750637725,0.03756624744580396,0.031378564670046134,0.018539360915613607
2019-10-10,0.024103130431269944,0.024251213771291087,0.02337957815909884,0.019333486738872627,0.016589595317770257
2019-10-11,0.01159966494129615,0.017103215433333673,0.01375438692756439,0.011726404897364352,0.015292351242690863
2019-10-14,-0.003380270238610574,-0.012436731401937889,-0.009201015349882321,-0.015092547752205967,-0.018517715746121127
2019-10-15,-0.0032195562442540564,-0.008670022845594616,-0.0064503432933123534,-0.00015939241789441586,-0.0105451647124472
2019-10-16,-0.0035003714776169538,-0.004877258690447692,-0.01514081842194852,0.005199993309934732,0.0005481674000634415
2019-10-17,-0.005236065864711592,-0.00953484977709516,-0.007291320758193689,0.012341919346941626,-0.0007782027172752915
2019-10-18,0.0012276868285498017,0.003959717528729361,-0.00795220268517819,0.010753982618616861,0.009139492829227517
2019-10-21,0.0038605631874444103,0.010277619598240695,-0.0004583405992162863,0.014018365205325593,0.021626301058008182
2019-10-22,0.007489899866049287,0.019034959751038995,0.005708294357427684,0.02719868314016755,0.025899644791510388
2019-10-23,0.005738667726412113,0.014453759933109262,0.009310541391859335,0.02843303669670593,0.03091384721609298
2019-10-24,0.0014986092260896808,0.004782604166500922,0.009339074790583374,0.025343808640290878,0.02734906258290232
2019-10-25,-0.0007174616566828218,-0.0044659792257316176,-0.004520682862488161,-0.0024670081716727625,0.003270847540193389
2019-10-28,0.0021286910317082743,-0.003845980237321528,-0.007970143528823215,-0.021352753554857065,-0.03427549372260204
2019-10-29,0.007295435441074932,-0.0009760923344451252,-0.00435310794281234,-0.0071689307189622435,-0.018138701181863254
2019-10-30,0.00780068291449818,0.001515501024572652,0.00017415936582328224,-0.0032772340158651516,-0.0010099286010953668
2019-10-31,0.005638505589479601,-0.0003822605244829977,-0.0008242880671286891,-4.772934778999491e-05,-0.00127296234805101
2019-11-01,-0.00751481521949674,-0.02221354507131814,-0.019590026658785877,-0.019977251836204173,-0.014078587167215922
2019-11-04,-0.010721101561748816,-0.023606937360220986,-0.02223157291935956,-0.026588442038968655,-0.011849094618444493
2019-11-05,-0.016310992923307687,-0.028565590887155018,-0.02563509119484979,-0.027714780685853414,-0.010678355310441168
2019-11-06,-0.0160183553467216,-0.026967694620640945,-0.018478019348188306,-0.018389934452808752,-0.0023679459520355105
2019-11-07,-0.014833185248661673,-0.021778165418320332,-0.011708318832912507,-0.01380683301285167,0.009524429838738918
2019-11-08,-0.009105626319358146,-0.015390796523582162,-0.0057585711705574645,-0.004633714237999664,0.017657210698494567
2019-11-11,0.007975750116149294,-0.0050599980108260775,0.008316186917224782,0.015971635184734212,0.04288548319922498
2019-11-12,0.006042082052722298,-0.0030095039840258853,0.00946457068248957,0.021452186497664297,0.050990332583655415
2019-11-13,0.007627531832180695,0.0027072060148565667,0.013189982650412945,0.01206983357084419,0.038701668775800745
2019-11-14,0.00862908461463777,0.0023595828788724794,0.007169119747839509,0.011030220225399973,0.03956392945924077
2019-11-15,0.01876272876761524,0.02074843987057689,0.028365096932705502,0.038229486367154904,0.059453341147634876
2019-11-18,0.01458501117621642,0.020617225428917058,0.03349963855658877,0.042166313609743294,0.080178298043208
2019-11-19,0.018350063355682643,0.02205657389185356,0.02695786143064343,0.04584972592651515,0.06472614502477068
2019-11-20,0.02189382011301167,0.026566150076593457,0.031461307881886405,0.04289610799627935,0.07492616151339587
2019-11-21,0.025212688423434288,0.03138763024709999,0.04624433837150992,0.04417213229734753,0.07191123808722268
2019-11-22,0.025826593213662992,0.03698702036140967,0.051070240667399056,0.05836715491100262,0.06529788948928378
2019-11-25,0.014681711460290747,0.022894323332846973,0.02508115988759173,0.04739380847823706,0.05778166061443849
2019-11-26,0.01547368235411249,0.02681514938019586,0.03517814700996791,0.055979749512447274,0.06966989949244806
2019-11-27,0.01643011588662742,0.025580006728625863,0.04056233067175297,0.05935960214001799,0.07200999453844895
2019-11-28,0.024433175274087282,0.03688660224235002,0.053653539635833504,0.06972951475894332,0.07972851928158578
2019-11-29,0.02792600123509588,0.043728748048185606,0.060885912933497044,0.07449654790473044,0.06902821455701066
2019-12-02,0.02969377289593701,0.05244776301580094,0.07039137336146573,0.0815084759266392,0.076271687899512
2019-12-03,0.0362716227453472,0.04795403819356625,0.0742884085570615,0.07937666348189631,0.06941483652681703
2019-12-04,0.04748766694145125,0.060157361774740924,0.09076347546215864,0.09583704053136108,0.09315728579621282
2019-12-05,0.04298974459016637,0.05672159728542277,0.08234240107973832,0.09065927858392012,0.07863116956720376
2019-12-06,0.03536775412666423,0.05368069047244638,0.07793659014467773,0.09228413674062938,0.07424509548181504
2019-12-09,0.03953457069178165,0.06074408555939631,0.08586558111234463,0.09994665776184927,0.08226521336070895
2019-12-10,0.028748171352936502,0.05513111946100048,0.07086428130503594,0.08309204852450836,0.056206525264220486
2019-12-11,0.036387815772511704,0.06116370559351608,0.08123295168223096,0.1036488872146458,0.08367053419860798
2019-12-12,0.036226490571594314,0.06289755783387427,0.08023491691486802,0.09962955929545277,0.08751176733015194
2019-12-13,0.030079452074276706,0.05590016968602748,0.07887496898734965,0.09043228827551214,0.08644579167921165
2019-12-16,0.024793941056887654,0.05001195191527454,0.07218954590900165,0.0682056955731368,0.06441424560388975
2019-12-17,0.013906131152535566,0.03281331684878695,0.050727446494006664,0.04870198540227757,0.06322136268646343
2019-12-18,0.012939874882557614,0.02827010200990871,0.0513192654363871,0.0503156117415385,0.06762083269038796
2019-12-19,0.013179707741268929,0.027448517731537576,0.049442316490414064,0.05237050015333696,0.07013854566483203
2019-12-20,0.0157000667605381,0.028730097606723928,0.06391546747657513,0.07840552545759076,0.10203977825648443
2019-12-23,0.011780945412043204,0.029187460939982316,0.06593937105914888,0.07280456040441362,0.12144493708437451
2019-12-24,0.010474446785343832,0.026397437501976845,0.06441514967638494,0.06400163357232037,0.13074834671317379
2019-12-25,-0.0007199913472118748,-0.0014081270588537681,0.03143623701732972,0.03197166101898586,0.08850581982702466
2019-12-26,-0.056509976535868166,-0.0797246144913502,-0.07009638520749302,-0.06721554462131789,-0.004734497125083707
2019-12-27,-0.04018533594252811,-0.05930994174357942,-0.03301883252305428,-0.03029102289698688,0.036365886662055966
2019-12-30,-0.037980840883630705,-0.05965639945403925,-0.031088310644818356,-0.02008361784784078,0.04382652421669414
2019-12-31,-0.030717763190553526,-0.047995004234997835,-0.019221447737138648,0.005454902982890171,0.07063846210368288
2020-01-02,-0.0388817213356173,-0.05514216337269562,-0.03435972628806342,-0.008079609034653006,0.05972012970917847
2020-01-03,-0.03548129052708999,-0.053048387912168773,-0.02672818083837874,-0.006469284812208124,0.0599159813622579
2020-01-06,-0.018969002837629697,-0.05460753304260359,-0.019545058403803554,-0.018277228941182718,0.06021822218885336
2020-01-07,-0.036860761165728784,-0.03983015158416655,-0.0039647294320450865,-0.007403108847881946,0.06042993216299149
2020-01-08,-0.025198735311204545,-0.030972731956613053,-0.014846375612689866,0.016990905275631508,0.07335447641278794
2020-01-09,-0.03421077774111304,-0.030818999875686946,-0.01900313698807198,0.002842050106641983,0.05388828293969024
2020-01-10,-0.021013849539113418,-0.009851603750317205,0.002262245280106196,0.0280987195526379,0.08418647290438513
2020-01-13,-0.027000645709715856,-0.020323402498607913,-0.0018441054114167743,0.01924139043863101,0.07789820013210093
2020-01-14,-0.027328490475724162,-0.02390451823274153,-0.006416381574940793,0.020170214954013586,0.07583398343015989
2020-01-15,-0.014028711048351324,0.00023444449427896657,0.018555150821100902,0.047035528994335565,0.08733008489284835
2020-01-16,-0.009657190781143405,0.0035869601088482864,0.024665984803268936,0.0521768939788523,0.11538018379343065
2020-01-17,-0.013623408952817793,0.0001242318873470291,0.023335747793575452,0.06058853618237545,0.14081328117482148
2020-01-20,-0.008083388901844462,-0.007476157734245057,-0.0019113173764164347,0.046985846616347304,0.1216554104155405
2020-01-21,-0.0010537341041852546,-0.004344057884149549,0.01602858147359963,0.043442602173325524,0.051664062756798794
2020-01-22,-0.003561050398488873,-0.006045342112777857,0.00793135790039192,0.03581376554040736,0.03569121738972705
2020-01-23,-0.026303289543766692,-0.008890103975286289,0.005368033640873974,0.017699295644470203,0.02169289278602243
2020-02-03,0.023333453253115876,0.09958668175688948,0.12870660229192088,0.16651344178260882,0.17533053592939707
2020-02-04,0.014503236418054767,0.07224981761724,0.0953910249080392,0.1241372364155843,0.15601230776380495
2020-02-05,0.002507627097201436,0.06527634501102876,0.08448309607373171,0.10338933298441137,0.13307533079086423
2020-02-06,-0.00533231088157645,0.06979753407614592,0.0829195254363342,0.10002175844636878,0.12102592116497499
2020-02-07,-0.010330367142825396,0.05639444102186349,0.06930118916700874,0.08203472610357007,0.09122191655588598
2020-02-10,-0.03714020729889617,0.020303436884517093,0.026594694982271253,0.033191463284279785,0.03629999616416727
2020-02-11,-0.027333281868630353,0.028891193850760576,0.03854533980658517,0.052414366128664076,0.07164985657761222
2020-02-12,-0.04461049038900884,0.01143347565928589,0.017433881447534286,0.029050187804608076,0.027356298346927658
2020-02-13,-0.0674745750993305,-0.0016363256900022967,0.003314202676494162,0.007849099151530268,0.011947121256961686
2020-02-14,-0.06941825380720881,-0.02378081973855459,-0.011789363514258855,-0.008150921677128315,0.002170894826490722
2020-02-17,-0.10279728124548346,-0.08095264959974569,-0.06845269845562853,-0.07656277677742879,-0.08033816375960633
2020-02-18,-0.10195565411137493,-0.08498155743419131,-0.07736483503325417,-0.08591786212737845,-0.09280061069535621
2020-02-19,-0.11034310339781485,-0.09138560134236018,-0.08780563030444903,-0.0977843354035131,-0.1044843245285208
2020-02-20,-0.12107678285206516,-0.11742304695937378,-0.11453182912046717,-0.11914390258757024,-0.12257357598195485
2020-02-21,-0.10333445041760898,-0.10654887133019125,-0.10479049654267909,-0.1198387940044897,-0.12843280682880848
2020-02-24,-0.11632952580048139,-0.1312209778621166,-0.13132028084798258,-0.15806777176956804,-0.18529383925042522
2020-02-25,-0.09489091572419303,-0.10978400228866882,-0.11107622790248073,-0.1374481201603541,-0.1723180410495947
2020-02-26,-0.061522699488277606,-0.07384519687746273,-0.0794338270998045,-0.09358158491968925,-0.12756766585512724
2020-02-27,-0.06598126724628671,-0.08063221526883062,-0.08678193857365211,-0.09973610388479572,-0.1439960129728889
2020-02-28,-0.04730339177005266,-0.04683019860490778,-0.05078297788223472,-0.0634173411073217,-0.09861109620633851
2020-03-02,-0.06357485572917093,-0.08262216778399345,-0.09086122030353945,-0.11058007983901808,-0.15432379424618328
2020-03-03,-0.057903762835594515,-0.08832249096115617,-0.08998231357790788,-0.1151914325547444,-0.1671359034778984
2020-03-04,-0.06755398063339182,-0.09671653766202094,-0.10052550763379112,-0.12001655333215915,-0.1565259497539559
2020-03-05,-0.07020817051127948,-0.1008116950403843,-0.10519528736022733,-0.11945033785475144,-0.13502634979115646
2020-03-06,-0.06655206707656906,-0.09294866206695884,-0.09959318016188629,-0.1154197967201779,-0.13496851228567056
2020-03-09,-0.023512759806391777,-0.0478525936058834,-0.04895115449050465,-0.057662306250184175,-0.05806580315518408
2020-03-10,-0.03448446873433558,-0.06464251656375362,-0.0663817318536358,-0.07861484706463179,-0.09526678496125694
2020-03-11,-0.01654811047601656,-0.04806770305641419,-0.05576234464242926,-0.06121238274275539,-0.0714732569254266
2020-03-12,0.00035597052581570754,-0.03388665486479681,-0.04577319689070622,-0.051752986957317004,-0.07862275544355367
2020-03-13,0.010099592696113916,-0.028559648519767854,-0.03918671221633595,-0.046681621039164956,-0.09380576412477185
2020-03-16,0.04486117117399526,0.020231477560331005,0.004744096635219983,0.017309336874035474,-0.0068341922509492295
2020-03-17,0.04807570787332064,0.02482037857525518,0.014199284299802772,0.021157772765967333,-0.015420215721222222
2020-03-18,0.0670571669132974,0.039700987320215785,0.025300108176525036,0.04299676260490898,0.014760390597706391
2020-03-19,0.08687052123557779,0.06408398431207,0.05173000800146786,0.05716882632025024,0.0065842762773189
2020-03-20,0.06353721243094791,0.048744217867836725,0.042417183753812225,0.04508336719475136,0.01185198763587662
2020-03-23,0.06931434311081017,0.0692782314783678,0.0692726497839086,0.07570448310858723,0.06131748159321898
2020-03-24,0.050346932892925904,0.045294706005766384,0.05289211338064817,0.06076478001692435,0.04717625580943426
2020-03-25,0.032446073701128016,0.023457556327266083,0.024004626075746327,0.03046154748325598,0.010260042067816019
2020-03-26,0.025684443614964896,0.021503981962832833,0.02404968060392018,0.029769045620170676,0.005733071322553444
2020-03-27,0.029042321320540732,0.028720219244705938,0.01902459603001384,0.033134161675979275,0.011836886697297313
2020-03-30,0.017453427725889755,0.03207110834808805,0.04531231464862397,0.06229781103526088,0.05624462111345121
2020-03-31,0.02039242186044865,0.03083371038842343,0.045870766501692396,0.058687467378677034,0.05830428404984358
2020-04-01,0.032839639517408196,0.05349428217845869,0.0677199025359803,0.08301927486913778,0.0952956040346045
2020-04-02,0.025574708668171273,0.04216117734419026,0.0573380143346684,0.07491224723593895,0.08172842430848502
2020-04-03,0.02545035960411937,0.045388470789260185,0.05904865683232061,0.07912607518523371,0.09052832575592933
2020-04-07,0.01973696901356335,0.032236069000171584,0.0420996866196244,0.060660874059054654,0.06728409637534065
2020-04-08,0.021390113169178174,0.035270088292465945,0.04774111304792767,0.05874458205910308,0.06063203843895267
2020-04-09,0.01820241134938816,0.02715668342298913,0.04328075109768548,0.051416204009347766,0.0596950286274411
2020-04-10,0.020435145595767465,0.03646909475357842,0.054084925608846035,0.0699866747942879,0.0916081415263138
2020-04-13,0.016687689405121456,0.03480595135439042,0.046105160206646484,0.06993952170288197,0.10248443954052415
2020-04-14,0.007039587981237235,0.017025586115393034,0.03154000946078785,0.04745872671813998,0.08201869713188709
2020-04-15,0.012567968945518029,0.027392495218777017,0.03582927295685662,0.053552923965393996,0.06730129665713762
2020-04-16,0.015202206484872041,0.032843847461396895,0.0486882142368569,0.05714136621528434,0.08071532208888506
2020-04-17,0.008662478770659905,0.025776837411039016,0.03495282171641321,0.04182123156560641,0.05626705328462561
2020-04-20,0.0031948127725478946,0.016560594623515498,0.024322916492215393,0.030446022032075536,0.027619125426240843
2020-04-21,0.0015128548953496068,0.00013582535696173478,0.013501778091088388,0.023177241437677645,0.01622504315438693
2020-04-22,-0.0013400243293587267,-0.004823215143858213,0.005896220871165638,0.01832844149071829,0.003312365662426144
2020-04-23,0.0007832031642305992,0.006878329836688822,0.020411545825923846,0.03910885793562704,0.03204612306343315
2020-04-24,0.004091659322567039,0.011226159960616267,0.025768909888771258,0.04147675889735834,0.03523155103823012
2020-04-27,0.0018480434135843592,0.008848908422996104,0.02396379214840265,0.017402857199161643,0.044683515845756944
2020-04-28,0.0017957819762599004,0.015618952998914493,0.02179425205870284,0.02067373775343333,0.038530735253384595
2020-04-29,0.00763789169961949,0.03610659080409747,0.048677814765629907,0.05050965167784762,0.06946284924580766
2020-04-30,-0.0007600403884947804,0.025640562899686033,0.02765378261799724,0.03375824469016549,0.038809600678818265
2020-05-06,-0.000631130012775114,0.020832882306632484,0.029875433662055792,0.02405509341431182,0.022338532477137112
2020-05-07,0.0007535338598822649,0.02331377829338834,0.03983042969389339,0.021954365143160192,0.02695375130913669
2020-05-08,-0.003752027681033048,0.011291258558279393,0.030781914561191392,0.01946649495226625,0.02273429739784931
2020-05-11,0.00038472487227453556,0.01864912707357516,0.03404647034467016,0.02428491715551942,0.02412646062699769
2020-05-12,0.004473366721088805,0.023441323153437228,0.03925248230314123,0.030006659523307517,0.0273316212435413
2020-05-13,0.005736286480985484,0.01779548087514143,0.03512484918024771,0.03001360112510605,0.028502131641896224
2020-05-14,0.00894411085466569,0.019898512065925206,0.03895119031389238,0.030919339041314484,0.03254531220683329
2020-05-15,0.0155412358901697,0.019405663470460667,0.037010472324436716,0.034414644869956754,0.016308892893475323
2020-05-18,0.005682789755041628,0.009968973722845295,0.025745831702723185,0.030243806779899372,0.010856383760267012
2020-05-19,0.006849007637593467,0.0153356664163383,0.033514660220286006,0.03317979816572423,0.016152750271422774
2020-05-20,0.005267477097117399,0.03053205921079206,0.03641240080064836,0.051836012433948205,0.027958656046087958
2020-05-21,0.012363993376100573,0.04247751227630023,0.04594821828287493,0.06034499872682515,0.05055504272300068
2020-05-22,0.036533354359303286,0.06255647034991553,0.08507997019946212,0.08346941514726762,0.09286904440782451
2020-05-25,0.03682409147916203,0.06156782849797981,0.09350382376052192,0.08627165395702396,0.1111834613297664
2020-05-26,0.030964951329549385,0.05116130508952822,0.0838241480491976,0.07812380208682701,0.09518952289589133
2020-05-27,0.03372801009530457,0.06462068628503918,0.08043621803408192,0.10438908374863541,0.11647108870881744
2020-05-28,0.024708482119033974,0.05397974719274196,0.07393144432479648,0.08752052444905005,0.10902173970948205
2020-05-29,0.03427026614567341,0.0669987632055589,0.08550868966238426,0.1011481222392184,0.12133147423513671
2020-06-01,0.03473682079370045,0.061442594941142,0.07278704021719463,0.07579131724131873,0.08773327174534745
2020-06-02,0.04882325349841417,0.0779734289183308,0.08030647487181726,0.10843355839068332,0.0959947723641654
2020-06-03,0.06335693739260498,0.09748701812382467,0.09270110977239324,0.12967730780874095,0.10487605759212805
2020-06-04,0.12234278202681573,0.16247157907996515,0.14766849990242606,0.18610866284778194,0.1530376110321629
2020-06-05,0.10811120421062102,0.15780323510760044,0.14771088548537964,0.1968478874707701,0.15828712323723707
2020-06-08,0.12208392790177275,0.15767332412041524,0.16047791191037156,0.2326103765507061,0.1769844666339937
2020-06-09,0.12453945691073523,0.17632051455739642,0.1672245156219268,0.2487857014087765,0.2010346525226592
2020-06-10,0.10756007731871586,0.16471579641541914,0.1510402790509911,0.2257635778067256,0.189326863355799
2020-06-11,0.13742470279926808,0.19619472809173805,0.1990282939296961,0.2682829742878164,0.22117316497219358
2020-06-12,0.12349188148788054,0.18326931050328282,0.19234599074047662,0.2621198424914373,0.2001540383890541
2020-06-15,0.11708340744079279,0.179449392093356,0.19219762887398642,0.25310304954759766,0.17506842104201586
2020-06-16,0.08497451800214284,0.11988930808904777,0.12925155195193616,0.16408159916823833,0.10105376947546725
2020-06-17,0.0860770323571386,0.1303232639932242,0.13266511253819144,0.16414068321584036,0.10371596369025776
2020-06-18,0.10502290065712815,0.16408616811486368,0.15894339953396014,0.1880502232277004,0.12631059007982876
2020-06-19,0.10305694145693364,0.1494196099300338,0.15487698935058686,0.17266239461207916,0.1204036099185346
2020-06-22,0.10300708402043807,0.15350482995577408,0.15685059827549191,0.17825888602230888,0.1227051147888948
2020-06-23,0.10422946896797207,0.1506719964705231,0.1511473066702848,0.1686909997672329,0.11294954015801963
2020-06-24,0.07754060097829292,0.09942420553772954,0.09990213304804726,0.12602190571550295,0.04827384574952397
2020-06-29,0.07597588400453124,0.11267650910360587,0.1055216484272902,0.1357087464445346,0.07338131914556953
2020-06-30,0.07164765332998814,0.11261650177767392,0.09729814851792688,0.12078641536766732,0.06396111079113521
2020-07-01,0.0738876259590924,0.11520564957811096,0.10677963962109552,0.14700124588320218,0.08762458107981902
2020-07-02,0.058803274412171445,0.08943295138145659,0.08459836778502075,0.12721463640098846,0.06858910004664719
2020-07-03,0.04765987126079166,0.07858118633821665,0.07688407587272804,0.11622022091244556,0.06351446977349873
2020-07-06,0.016027510059195258,0.02834153833312459,0.04457878669424025,0.09182630214387716,0.04177168634456057
2020-07-07,0.03195180618968444,0.029972868897021554,0.036018897271063555,0.07610434444237331,0.011305620281471833
2020-07-08,0.027544834389447638,0.01868605864452188,0.022500850269327414,0.06404879997317876,-0.005385658337035793
2020-07-09,0.016568144782014477,0.006034100966905919,-0.000994663767711804,0.03169307195582041,-0.018133693043299672
2020-07-10,0.015409023221048822,0.010537583092067652,0.01606562247389199,0.02206236292581059,-0.01675585670132438
2020-07-13,0.001231844572538521,-0.014093786101971716,-0.007551677865724193,-0.0062385346070137305,-0.03943232504176511
2020-07-14,-0.0001591607971581558,-0.011660138599058735,-0.008014769459147216,-0.004644679210559501,-0.04575658543978255
2020-07-15,0.0016054516120339079,-0.004536256114115673,-0.006874877563911815,-0.019516150654643256,-0.0093504644053323
2020-07-16,0.026016191274583024,0.04344919186868063,0.028134093172787682,0.04532449437858369,0.019055892674074586
2020-07-17,0.030531759276684542,0.0454860755800216,0.03589271582526388,0.05111311902275782,0.03177427299415442
2020-07-20,0.026355329529226406,0.03427456632018761,0.02676785738459593,0.03408566688938513,0.027904325715170333
2020-07-21,0.019825728966288675,0.03277777233250448,0.02763923104225794,0.020801061391859103,0.039023290697742796
2020-07-22,0.015604716481640059,0.016808440305946262,0.005971826322373701,-0.007611195731157296,0.0055974273852932134
2020-07-23,0.009555856842636703,0.005586690360478997,-0.0033787959345588305,-0.02051785999148124,-0.012272315044782203
2020-07-24,0.028546606369195437,0.051155336796595265,0.04768099497315243,0.05182660633835768,0.03538209825097568
2020-07-27,0.03171934526696737,0.05671433780163299,0.06216629855039009,0.05778295165904727,0.042132577906277974
2020-07-28,0.028584393932094197,0.04838477274652334,0.05068771028127492,0.04540602453802526,0.030459441331993194
2020-07-29,0.01826262890648765,0.021464647169449538,0.012844364287100427,0.0019760736643087786,-0.026234544369616628
2020-07-30,0.022306573625562504,0.026026943149503934,0.02327372922583449,0.014065877549240716,-0.007158243310165642
2020-07-31,0.027621506902936317,0.038318494678197854,0.030787075794538116,0.02751083299047788,-0.004410430620968448
2020-08-03,0.02317486983325762,0.025684489542731635,0.010816328457891114,-0.004263411785459328,-0.03273799139376487
2020-08-04,0.015657506374388622,0.021463228800598606,0.01386856518576852,0.009650561150885542,-0.017065435355160537
2020-08-05,0.017937556067247704,0.020326065197237935,0.01316523731507936,0.001370283354632781,-0.025267696471601188
2020-08-06,0.019236461385727092,0.01581446344754017,0.010337297931977688,-0.0036521824896848334,-0.029826740028314185
2020-08-07,0.013814840637475803,0.013091994815874938,0.010809310545598224,-0.0018796391171860519,-0.017151338503402332
2020-08-10,0.003235046879132584,-0.00443466184404519,-0.012177976980133799,-0.022486904973378845,-0.04376329910418546
2020-08-11,0.011072065045544711,0.006396795347417056,0.002235446478881487,-0.006529216180265564,-0.029530349598626947
2020-08-12,-0.00036395004053508325,-0.004120675970735,-0.0067473722741777115,-0.020448924302970337,-0.049289528123158025
2020-08-13,-0.0023237817256346245,-0.008989518236250752,-0.01629089434698284,-0.029034654575904636,-0.06234412695941453
2020-08-14,-0.005860818099023049,-0.01504234218886656,-0.02236983691894811,-0.0302488891661588,-0.06317898112629461
2020-08-17,-0.0077014197845302135,-0.03381578963020282,-0.03502120716844978,-0.03809338274209321,-0.07864615507790301
2020-08-18,-0.005709224157259167,-0.027168142165919135,-0.032569046152964416,-0.03539962906878459,-0.07083689173070194
2020-08-19,-0.005640211657437172,-0.021817325053775465,-0.023633542542431087,-0.02927929152114683,-0.05484094521995312
2020-08-20,-0.002876173147304769,-0.009242111960004561,-0.007914684458569654,-0.023617363381557406,-0.041697636591781745
2020-08-21,0.003310960112670613,0.004580540861313008,0.00013400531984808094,-0.01664915075111598,-0.03263389677622215
2020-08-24,-0.005420510528361937,-0.007806209661409127,-0.014877887465851017,-0.038821972802908285,-0.04670790465622714
2020-08-25,-0.01768661688056026,-0.017655623670623524,-0.024156482540018877,-0.04778430294380377,-0.050872191141160955
2020-08-26,-0.013022713203352703,-0.008245618675969117,-0.008125225921178814,-0.027298453686869333,-0.022432137730124084
2020-08-27,-0.025426438806388188,-0.025168377947011406,-0.031062474460470255,-0.057093563256381055,-0.053846332285321624
2020-08-28,-0.031682829498021085,-0.044199878171436904,-0.0474972511053822,-0.07480722003843009,-0.07123955927646014
2020-08-31,-0.030110922075313476,-0.041434163722089135,-0.04827688263159453,-0.0717393610340951,-0.07407871374769064
2020-09-01,-0.025218004615411103,-0.040108513652767894,-0.04826944283062097,-0.06936377710818481,-0.0663870498233157
2020-09-02,-0.027873367906601377,-0.04265949554517642,-0.049651443860064134,-0.07251536556419891,-0.06563868742217144
2020-09-03,-0.02174644019718455,-0.02282841531237428,-0.027870391072764275,-0.03938742466134472,-0.03153355213574473
2020-09-04,0.0018135186563261938,0.007231401355914104,0.004349353167936486,-0.0036910034077286586,0.009959516625418972
2020-09-07,0.005727665600496669,0.0177553342246471,0.028497432896780077,0.025133552545398213,0.04572689154519245
2020-09-08,-0.0022855141463808204,0.00980234868687169,0.020052436681324594,0.01966186829383643,0.031984973721501594
2020-09-09,0.004607039217960656,0.021684797148080474,0.03828126477070699,0.03773968135286741,0.07210814576728843
2020-09-10,0.009665982225555739,0.026511670488964995,0.042921696173557324,0.04556530733374418,0.07566680421897201
2020-09-11,0.00992363547622153,0.018334043826850135,0.029887041929064568,0.027321871487165496,0.04546976218695435
2020-09-14,0.0036817513534597723,0.01861518129976297,0.030432119979759885,0.03092832727544313,0.05041190145809595
2020-09-15,0.0066539516730396864,0.012734800135856351,0.019348919256343175,0.013508899257390754,0.027858332509954262
2020-09-16,0.006238229033636772,0.011455427967852112,0.02299435221512276,0.015397357729761326,0.037631435936995195
2020-09-17,0.008862481651033519,0.008140236553657428,0.010200449756236265,0.0028913872466789143,0.014573680103400303
2020-09-18,-0.00967593359602696,-0.00945517962379365,-0.015074677288491786,-0.015443803046160628,-0.000880535497898373
2020-09-21,-0.00487203211645187,-0.002918627371699127,-0.0052678083757430735,-0.004460283839320088,0.01575261556919694
2020-09-22,0.006473278181478902,0.013588895376001811,0.014941206403333757,0.020370995292338517,0.023430561623215156
2020-09-23,0.008875670234754116,0.015430246950254098,0.019341439357965715,0.019722458536588067,0.014567278652613829
2020-09-24,0.007632870692447129,0.016103428603459792,0.014463082340617958,0.020325432695977575,0.02422018500583595
2020-09-25,0.011293395463132358,0.021649924334135952,0.022743463596574344,0.030009292782412916,0.02759334471007472
2020-09-28,0.017740683373222967,0.031403669142225206,0.03680921707268165,0.04748862522220713,0.053935188286154574
2020-09-29,0.021734377585713706,0.0373672515570524,0.03753140599992352,0.0376396549215379,0.04175541494582925
2020-09-30,0.03494910540525155,0.05310152737857072,0.055842602397353204,0.056341496990006436,0.05520275655184562
2020-10-09,0.025960621685373417,0.04045681893133453,0.03694252434073912,0.02755410638662992,0.009731965028819635
2020-10-12,0.02139325362185956,0.03323694735881618,0.024319917120612232,0.02400866284079248,0.006434437279234991
2020-10-13,0.02292293762897311,0.029023224294885814,0.017454339100538976,0.009429577971031647,-0.015343453328251377
2020-10-14,0.030541884958464827,0.030371829905249448,0.017224578121333437,-0.006060535230565088,-0.02931508898970383
2020-10-15,0.026980385212133546,0.0313848458513841,0.01690641622485567,0.0031995125681384723,-0.011514244109390781
2020-10-16,0.01601102974944132,0.019674860307857863,0.014750056187631592,0.005186921387629182,-0.0030775966685200923
2020-10-19,0.026587524775807232,0.03595784932536077,0.03093073547728899,0.01801321119794725,0.009312819937188521
2020-10-20,0.02918970654765533,0.03390999882664936,0.024917809389080132,-0.0024287510569712084,-0.017042476768499543
2020-10-21,0.029169998876607314,0.03460229809552616,0.02556357174840345,0.0025025551276904074,-0.013347746679347319
2020-10-22,0.031161910272470176,0.04525656463945628,0.030153950444372222,0.016976471132778618,0.003381415968768588
2020-10-23,0.03283269965083042,0.044261310332030936,0.04876922064854177,0.04381349862230597,0.03412744244261234
2020-10-26,0.05250995290159809,0.05780891527238979,0.07083115368732894,0.04789139931608089,0.029930857694795466
2020-10-27,0.04893931397961047,0.05598164623628556,0.06715368553411037,0.041401162099413295,0.017925525341299153
2020-10-28,0.04961178457585941,0.04400489324033649,0.050893570671394564,0.014580077471215192,-0.011002271171837993
2020-10-29,0.05171722035596146,0.041548275164413,0.039334706541828315,0.01287641951900305,-0.016955844431920785
2020-10-30,0.07051240642284082,0.06654557358207129,0.07140949734642345,0.029084744780445548,0.010362903079545013
2020-11-02,0.06329569637273139,0.05719427766266551,0.06301002068941092,0.02369140037882642,0.002519617902827505
2020-11-03,0.06260333117013478,0.05763620315817793,0.0640827273514309,0.023697948536358013,0.004258674849547478
2020-11-04,0.056008044621032406,0.049646991764972906,0.05767618226536336,0.02759480691229634,0.0005502621284214716
2020-11-05,0.045202907406257424,0.03060813398485316,0.037256829958951625,0.012218330001966553,-0.012635369966057745
2020-11-06,0.038752185438829745,0.027539934994730154,0.040311294839721,0.014226627162369396,0.009226310634849025
2020-11-09,0.01767422345540728,0.005320145172520112,0.015649624886193616,-0.013262911211321473,-0.022700589215874124
2020-11-10,0.018369056228545937,0.009723950117027647,0.008856625736275483,0.0006826569389943384,-0.0020550470315910912
2020-11-11,0.012017500455695855,0.002384442015112604,0.006272770787699955,0.006945892663840305,0.004368624731089152
2020-11-12,0.010618729729022865,0.006639205409195369,-0.0017193058635810682,8.763478420978354e-05,0.008853312236511021
2020-11-13,0.012998046866416858,0.005742687123544088,-0.0038254812113188478,-0.01048141722205802,0.0005515839960994588
2020-11-16,0.005432298273227113,-0.0038856964343956285,-0.009975111297990783,-0.012629051415427996,0.009231422954986931
2020-11-17,0.004783335606253474,-0.004148415847872051,-0.006452288889653736,-0.0023664226700932933,0.03180478831261565
2020-11-18,0.003966646881341009,-0.005026309524540413,0.00023900392793189232,-0.006940162407845305,0.04117107006266439
2020-11-19,0.007719019896470296,0.0017004687980765201,0.004977235906224732,-0.003145579615690738,0.04482177610122792
2020-11-20,0.005449767287059091,-0.0025415036238735527,-0.0019416783371337982,-0.008369105323166691,0.03701819516495773
2020-11-23,0.00045995994252992403,-0.0053443237120594745,-0.0011221377380426175,0.0011946040865821342,0.05359530042880567
2020-11-24,-0.008997211400702065,-0.024730523500194116,-0.00872898541894795,-0.023544478327193374,0.038258303209656716
2020-11-25,-0.007070144234892288,-0.008229146822921288,0.0073813009766552475,0.0025036796815363755,0.06994924531060222
2020-11-26,-0.007848959601707912,-0.010703705007077338,0.0029854107153792775,0.006857065803762065,0.061325374658771074
2020-11-27,-0.014306856081903097,-0.011548382936533291,0.008443129096239134,0.006159529782310451,0.06298710005570952
2020-11-30,-0.011892717545427521,-0.00993397512936846,0.008348268735807688,0.008377927625763358,0.05900190324733013
2020-12-01,-0.020691859407959763,-0.02369307855160746,-0.0058196421023622765,-0.006218994333156722,0.0297742082445907
2020-12-02,-0.019018782881543236,-0.014289545604238946,0.006932131837759953,-0.0005821169071262346,0.051929564536102424
2020-12-03,-0.004345946268655457,-0.0016461105005918994,0.02535621555711007,0.016872281498666104,0.07382082061117189
2020-12-04,-0.0009576123559918302,0.006411255358238701,0.03552500256635346,0.03702242449933978,0.09177352767096754
2020-12-07,0.012502018189829652,0.029250305516080204,0.0411204463989594,0.056654910333957774,0.1078946120112305
2020-12-08,0.01932957926539828,0.04180620790114467,0.046766634784132774,0.0499708570333134,0.11040750914999202
2020-12-09,0.030864129342046978,0.051116139171402175,0.08795548954085093,0.05730183177549557,0.1421582768421479
2020-12-10,0.03169029769240028,0.06366285493154268,0.07759792242743253,0.07000334716327226,0.13095696994512043
2020-12-11,0.030797757429286546,0.06568566367371093,0.08642643638182607,0.0685758358374125,0.12281322785208286
2020-12-14,0.040162489546530795,0.07590154596572289,0.1004209460506503,0.086499315725534,0.13635047164534525
2020-12-15,0.042033570294599115,0.07674662373468016,0.09321545933807461,0.07999711417843246,0.11613885109161284
2020-12-16,0.03747056788876181,0.0686470897172394,0.08521932251875958,0.07365049596276932,0.09801597468280056
2020-12-17,0.03148718012393001,0.06189754907258938,0.06840796538216713,0.0596820341497581,0.08148763603051043
2020-12-18,0.03932828868861298,0.07372025977878384,0.09187749625686799,0.07392400326233192,0.09139054810119089
2020-12-21,0.03807771234682569,0.063553910112873,0.0696556426569786,0.05052700817420027,0.0508879074323271
2020-12-22,0.057315998071285,0.071628932412922,0.09085641350042814,0.0829868490308075,0.09805196699363208
2020-12-23,0.05879044382242934,0.07649633169377074,0.09831751601115452,0.08410782865643435,0.10763049360768978
2020-12-24,0.05253020899704479,0.07772014746572418,0.10159783009623068,0.09452153787625789,0.119427196562385
2020-12-25,0.06270147448838419,0.07530943923600479,0.09772082610004128,0.08056405820670515,0.11362248707759325
2020-12-28,0.04683251712205361,0.05939372264616022,0.07592895740125788,0.07331352636625056,0.07822780736777697
2020-12-29,0.0448851807009732,0.062142037013163516,0.0848593628265357,0.07156110418907435,0.09718838497189193
2020-12-30,0.02402769689321812,0.03217701691611108,0.04329419373747862,0.028626223117894454,0.04509378179202936
2020-12-31,0.010294255690772088,0.010464070594072391,0.020384408334823495,0.00850304836313459,0.007699324793420002
2021-01-04,0.01291597509306108,0.020641998263609695,0.012346835625879031,0.00667012337678416,-0.016406773537665318
2021-01-05,0.016558362761739925,0.02200929841645043,0.013637955054493132,0.004432203201611238,-0.007366580914853597
2021-01-06,0.014507516929233763,0.012249457672631253,-0.0008866122113563532,-0.005500206472256153,-0.022226089703957074
2021-01-07,0.006645063795169285,-0.002306602012981714,-0.014181531027598645,-0.012959414432450607,-0.047361924384555436
2021-01-08,0.006867406772149368,0.001462415630189313,-0.027324665997319312,-0.007650617939395764,-0.06027217901278656
2021-01-11,0.017362872408782086,0.009493263957011732,-0.006911259468830222,0.0039371489090176725,-0.023168149165084122
2021-01-12,0.015387054947794361,0.007840618448389106,-0.00656920639404297,0.013169806885720628,-0.021799444335327746
2021-01-13,0.029208694640008744,0.013113991548052078,0.018523705578784255,0.03859881431360562,-0.008994995952656662
2021-01-14,0.030419364035116574,0.029671930444281194,0.02174145860549793,0.0429532619908209,0.0175130256783403
2021-01-15,0.03028999901221279,0.03782866353599767,0.028216388286992442,0.0407123069233231,0.02619928787202623
2021-01-18,0.022849028091152336,0.009917573231965814,-0.0005239787977295888,0.0006166605103839044,0.004418292643061805
2021-01-19,0.014590455092252423,0.015430100753371057,-0.0014476444701637078,0.011072535429291779,0.009936958491848806
2021-01-20,0.0028122184123661074,-0.004239488058417015,-0.02233891702777666,-0.032024508651951146,-0.017722214657693598
2021-01-21,0.005856042705475617,-0.011960718164305684,-0.026328277080489976,-0.04941486819136392,-0.0317333046921968
2021-01-22,-0.010560291534392719,-0.02549063890468193,-0.051262720536243415,-0.07777765675591038,-0.0507173879325121
2021-01-25,-0.010238718129079635,-0.014018705169292654,-0.038695082207456225,-0.05863010772459535,-0.03693817950109843
2021-01-26,0.0006292688141383654,-0.006380934639356723,-0.016796036539686306,-0.05612597240378764,-0.029071978674044232
2021-01-27,0.011730818748300098,0.004896955102839702,-0.008296621245616332,-0.05013190964939287,-0.01141164673191482
2021-01-28,0.018594734498782673,0.014707947419334655,-0.01225274553758655,-0.028718211771594917,-0.03755608796108421
2021-01-29,0.019823946558700824,0.015944980003185834,-0.00919393634226822,-0.02087802046131417,-0.028617102294123745
2021-02-01,0.010860603107909738,-0.012332646383355107,-0.046687990416384745,-0.06262925911463986,-0.07080615444462532
2021-02-02,0.006408372038294182,-0.040414936048740926,-0.06930618252867354,-0.10503681455319618,-0.11016875761108655
2021-02-03,0.005169769821707926,-0.03920155576403414,-0.06207569377608189,-0.09097483698753987,-0.09328514938038789
2021-02-04,0.01925523823867647,-0.017651764530482315,-0.04266604487442427,-0.06009739075614988,-0.05886102948003418
2021-02-05,0.01847932193289902,-0.018043752362227886,-0.04048807831294243,-0.059245196036523874,-0.04181343668076621
2021-02-08,0.012594064348968766,-0.03608725137385969,-0.059466597402361425,-0.09493364722925618,-0.07664613172904579
2021-02-09,0.01164539837862076,-0.040884164691873434,-0.06517587712840862,-0.12020873893893563,-0.09864816497477466
2021-02-10,0.003894621561130962,-0.051521463076332416,-0.07358733164619544,-0.12315985321440441,-0.10813587061005946
2021-02-18,-0.002924658374912788,-0.04709773738105947,-0.06565703355220388,-0.09847818003819084,-0.12483651636909412
2021-02-19,-0.018460403795198407,-0.06739392117059023,-0.08667078664546707,-0.11200780576022219,-0.14625629941793597
2021-02-22,-0.00776871649958308,-0.04687850010074424,-0.07230449279904164,-0.08966222767109486,-0.12376667092627312
2021-02-23,-0.007662324118258142,-0.05093855292998093,-0.0780332052626668,-0.09425712564286945,-0.12672877855846548
2021-02-24,-0.006799088803484033,-0.04122545959235032,-0.0725841100517422,-0.09493975370459325,-0.1168422610360753
2021-02-25,-0.02030017019039606,-0.05374848264805041,-0.06913550567405741,-0.09472948076989877,-0.11164339524688635
2021-02-26,-0.00022188044559660428,-0.0257428626221704,-0.031306697088215346,-0.05516307101798161,-0.061739054360634045
2021-03-01,-0.0030140288596451387,-0.031868887671232624,-0.0436419707894621,-0.07543097821910472,-0.07984742240731756
2021-03-02,0.006232458334262307,-0.021985333598553442,-0.036289556931572,-0.06067790180871702,-0.05648537357579512
2021-03-03,-0.004601517686388409,-0.0409927997444167,-0.054487483030302965,-0.07410649015505412,-0.07934977454403486
2021-03-04,-0.0005247433047968084,-0.011472032493784238,-0.027409634175834138,-0.02959686952975548,-0.02144878235970162
2021-03-05,0.0009310297243186734,-0.0010386957177702105,-0.02219040765485734,-0.01437485823624715,-0.010135473865377014
2021-03-08,0.010683541057951607,0.007659024465706773,0.006188327711867544,0.013694077565154783,0.03769870126408977
2021-03-09,0.018957519082394125,0.015410343199903583,0.024890226813716387,0.0328631517957014,0.06235510355242514
2021-03-10,0.02211589606687748,0.02249963437017596,0.024263835660505845,0.034090618234113676,0.05155213837999603
2021-03-11,0.0057146072439116105,0.0014798086703662265,-0.0019008737542035915,0.00463360417490288,0.011026826054253324
2021-03-12,6.0369650080852136e-05,-0.013206507043575422,-0.015113726073178724,-0.017033215238475046,-0.012379805681662304
2021-03-15,-0.007873678292771255,-0.0068904226548382646,-0.001245149894589663,0.004824615976245231,0.028009214738864897
2021-03-16,-0.010649966277955458,-0.004676564486407967,0.001667356971655786,0.012966118377399772,0.03727641637559817
2021-03-17,-0.009584819765385739,-0.0082753210782301,-0.007691343002135572,0.000548896037163553,0.020066024008987406
2021-03-18,-0.005513453872094407,-0.005239160896577367,-0.010526915745360377,0.001112238867069062,0.0027389729851050627
2021-03-19,0.012009734426631514,0.017039785154596445,0.03063058911173,0.045109228299226034,0.05807417799071359
2021-03-22,0.004211895381767404,0.004391135272228582,0.01645666593110114,0.034914190470407294,0.047587495617553856
2021-03-23,0.0071792977802884305,0.006953889488407202,0.023593476478249012,0.044474749844102754,0.06564788397434637
2021-03-24,0.018933279016006582,0.01927029960067131,0.03874922408797233,0.06807612202610754,0.08680524384147907
2021-03-25,0.018776909530705318,0.021961394870202745,0.0427060792027519,0.07169940550031363,0.09802105611583763
2021-03-26,0.007911000157705631,0.007503269441327363,0.015163028088180876,0.04509080278593195,0.05777977464507117
2021-03-29,0.004202003338303913,0.00154396565612473,0.01562369410203165,0.043762048779008716,0.06669210424145709
2021-03-30,0.0025931356844612562,0.0008747939888829335,0.017592374185739314,0.041233865037238936,0.0676975302069773
2021-03-31,0.010803842592191172,0.01346583245432029,0.02652085681133242,0.05369915494144796,0.08165437281486858
2021-04-01,0.003113105767584648,-0.005218636190976099,0.005167031122882168,0.03169491534445449,0.06347481019849839
2021-04-02,0.003909972529562076,-0.0012140302122384799,-0.010765238372170582,0.010659860410722496,0.03264043929330193
2021-04-06,0.003033269979366565,-0.006552827261997806,-0.019037086215933738,0.002029787137099824,0.006677068965091199
2021-04-07,0.004913958059617623,-0.005004743653464039,-0.016684935568163348,0.007945539495157753,0.0200217122477079
2021-04-08,0.003938437152815395,-0.00846444723481964,-0.018096197557609675,-0.004170650807908876,0.021079187759762794
2021-04-09,0.005818589421203318,0.003030910052510088,-0.0010946636960537533,0.012719380855378635,0.04938935312749662
2021-04-12,-0.0002109813300442548,0.008384606183876833,0.004241119912233273,0.02424935335124303,0.05789915068157614
2021-04-13,0.016023274202024828,0.02208499827583971,0.02112213614242595,0.03666271427537516,0.07343432242166241
2021-04-14,0.014112401624352284,0.021274588095651425,0.020784759820746478,0.042166907414663155,0.0803789377681225
2021-04-15,0.01929179131883896,0.03084369774090423,0.0271839013980233,0.04501262649398471,0.08465477467515044
2021-04-16,0.00746958436475706,0.018774184471471816,0.018073063045005874,0.0425500553541624,0.08840233844896613
2021-04-19,0.0007884795280382648,0.00387168435216804,-0.002180495734995764,0.016879564076584433,0.059479398500950895
2021-04-20,0.0037486620852208606,-0.000960414908764579,-0.0013318538998598355,0.011257344688951834,0.0525730491390833
2021-04-21,0.006051696418465143,0.011488345014940303,0.0034642464636189404,0.015767562741692834,0.05274717655419904
2021-04-22,0.016754966770138154,0.027862271765534248,0.02488914223873916,0.03285184230683101,0.07377735312488387
2021-04-23,0.02184552141113491,0.0299893084100102,0.019560623712002928,0.02507105884501466,0.05291898117030534
2021-04-26,0.026628830971456945,0.029014104469119822,0.03650053090501821,0.038972439073869394,0.07023762633236241
2021-04-27,0.027618941388476224,0.03434249794421773,0.031147030985178303,0.033713520798673076,0.06261052378199546
2021-04-28,0.028047197253313078,0.03131554658822749,0.034081986673751744,0.03689310465062785,0.06693853661051163
2021-04-29,0.019676879920250027,0.027449982813453545,0.03171279348316953,0.03926296429686902,0.07070412724462488
2021-04-30,0.01943404513040114,0.029258942169881893,0.0352129045081978,0.0313744831689676,0.05306339507574711
2021-05-06,0.016529969726029953,0.029182464229454416,0.03615155511267561,0.03646545522057398,0.0622506302172362
2021-05-07,0.014823622895724545,0.03767322602247429,0.04865616281071113,0.06111021004473931,0.0937978454208841
2021-05-10,0.014503196596152615,0.052010026001612884,0.04616231765995128,0.060097525352358336,0.09246656709919059
2021-05-11,0.0229829477408641,0.04025785075978095,0.047296561990059764,0.059218034843127515,0.07323618886395047
2021-05-12,0.020375620770628385,0.033171533789029935,0.04269816626811571,0.054032221182775474,0.06625981421466881
2021-05-13,0.026651988090114695,0.05902060560975152,0.050411470662853196,0.08200862095662288,0.09184895981656888
2021-05-14,0.018526934999817203,0.03336199357854856,0.04412551393406465,0.047841826655669537,0.06379142313290993
2021-05-17,0.008625887262632848,0.017976679426758443,0.026632873275542774,0.02876016388550867,0.03347314881256067
2021-05-18,1.1989402220059984e-05,0.00795386526313852,0.008177885474989004,0.004744647022119294,0.003069984262742168
2021-05-19,0.0024955374495581684,0.0176030992728659,0.019463739404853835,0.018367040737103043,0.01577686613578542
2021-05-20,0.004129642250754856,0.015104701902993707,0.021458858230242468,0.025339114257982073,0.03474597091383786
2021-05-21,0.007275871804495811,0.01756474780471619,0.02985652502948445,0.030779900139955668,0.04666780605580126
2021-05-24,0.0015312222419313498,0.01815005572594575,0.022495801750507333,0.03546041680606392,0.05040679921396621
2021-05-25,-0.007139720707476945,0.003314844087487564,0.009048068926328914,0.034922818942689976,0.03084755848062126
2021-05-26,-0.006305225985430297,0.0011387557114311989,0.0029616592705602623,0.033299724467915175,0.025664406476778822
2021-05-27,-0.003211321548057212,0.008819071063109871,0.005261804403411869,0.04069131775069734,0.03470670997936981
2021-05-28,-0.003325394022634589,0.011845409177682823,0.010502664025266933,0.051570062613553014,0.044235345529323795
2021-05-31,-0.011442292961026458,-0.00026673691621557764,-0.0024709683300816305,0.034591418460248075,0.017491082849592353
2021-06-01,-0.011502120454975642,0.005721314639868459,0.0011015505566216222,0.043248062665405436,0.021402111451959374
2021-06-02,-0.007985207868972534,0.0032586191745726367,0.010348132643167248,0.05175103199644318,0.02412217040550873
2021-06-03,-0.017112773258499275,-0.010632405126797433,0.0003869430997160787,0.03409142930786977,0.008862821260282107
2021-06-04,-0.01573228000490183,-0.013049447383181265,-0.0010425719234367112,0.036510441091454474,0.015232565697158714
2021-06-07,-0.01077628652495831,-0.016162096860190864,-0.0025014855914263284,0.013527114199229846,0.015328576643341406
2021-06-08,-0.00870150190999219,-0.009288131522297112,0.008877373667804103,0.04138497344168825,0.03933621344769425
2021-06-09,-0.016547654568173923,-0.015805109456163605,0.010333560003068738,0.03152906801677704,0.03817964688321593
2021-06-10,-0.011650583775143821,-0.023638027124293682,-0.009851286427715803,0.03305903696698187,0.01680056130562783
2021-06-11,-0.006127950759486197,-0.0037475902210343495,0.012814815143370902,0.05677545432630492,0.04235155015702321
2021-06-15,0.008856558714867298,0.007875381931836603,0.027733662935144152,0.056722517309024195,0.05114709285987414
2021-06-16,0.005048224099546708,0.0015522226943451135,0.02537248246022636,0.062080245432551896,0.10303922798943564
2021-06-17,0.011229831046619593,0.00645443386470879,0.019176405840435267,0.05008807479877127,0.10301365944681512
2021-06-18,0.009992905681143428,0.0013139750022229451,0.008550820146811432,0.029457632641058447,0.0789540375000517
2021-06-21,0.010755641357516228,-0.0003997775189244675,0.005773702934203665,0.027714703291538703,0.07147893978221484
2021-06-22,0.0024037855954870866,-0.01227978411183011,0.0026725670056888017,0.023395017799964085,0.0706576590867347
2021-06-23,1.8334791025234533e-05,-0.01437568243787277,0.00401981043727508,0.021789603532899895,0.08476353652615809
2021-06-24,0.0023070310312570514,-0.004973322504618325,0.006921330700383597,0.035427677922970954,0.09264704440797195
2021-06-25,-0.008218601434074548,-0.021639437237553495,-0.008483469146772256,0.018030243612334955,0.060825919765832355
2021-06-28,-0.020509401295888796,-0.04700327703789575,-0.03498017603146059,-0.016357422068713653,0.03124647141228538
2021-06-29,-0.03140242089688944,-0.06820137788793956,-0.041535749354796606,-0.03421172555281058,0.0034790821565055335
2021-06-30,-0.040659581628849764,-0.07120407092459524,-0.059161131023299195,-0.05215047189587322,-0.013877410116419495
2021-07-01,-0.03303066905711567,-0.05827591900248874,-0.03445584250196859,-0.020862679568583828,0.04487519063490571
2021-07-02,-0.02178777158326576,-0.052417035607022405,-0.01879420666435879,0.0055726915265447005,0.0590710048583724
2021-07-05,-0.009881162411451077,-0.03270805163123372,-0.0038731647066983913,0.006777535731078781,0.062020758600051164
2021-07-06,-0.016239991156512708,-0.033412789038838035,-0.012204057689454473,0.020891728183242402,0.04559245470306471
2021-07-07,-0.017093370578779674,-0.02476924067443036,-0.01169597437058121,0.026099128595808298,0.04497379079585038
2021-07-08,-0.001074726171084532,-0.028738064189772594,-0.017935285784158993,0.008891700678967955,0.04517801451077107
2021-07-09,-0.0019546512576000645,-0.028488393736634338,-0.020201721272078303,0.01429255902697905,0.03520414037360625
2021-07-12,0.00314570390289676,-0.02734129901937403,-0.024501028915350942,-0.005869090448823196,0.008493355353306403
2021-07-13,0.0028357037077230344,-0.025005428178850996,-0.022269892499264244,0.003231192089421616,0.01739754126158085
2021-07-14,0.010587276599150333,-0.01706329869763733,-0.011365391478575885,0.00268629168047509,0.03132769312164415
2021-07-15,0.006572350305620916,-0.025610533493066114,-0.019398039871984133,-0.00865124506153034,0.010199267629849965
2021-07-16,0.007900387438325756,-0.027147014775238995,-0.019609621598564164,-0.005901353843387294,0.005905870961556934
2021-07-19,0.013844636737691221,-0.02430610971876089,-0.023168064604724585,-0.011689321164680277,-0.00604889992784752
2021-07-20,0.0064899407411305845,-0.03243041263343515,-0.03835822477661758,-0.03612105826632154,-0.036028428050161446
2021-07-21,0.011683592333947767,-0.02559545568427249,-0.041642991968888675,-0.04037299810545771,-0.05690259801302208
2021-07-22,-0.0025792198289270097,-0.03834148985399946,-0.04735878842594417,-0.047349442391760775,-0.046831830930519604
2021-07-23,-0.001933048052279141,-0.04171063729903438,-0.04315958984638513,-0.04839866068717191,-0.06436759039618908
2021-07-26,0.016382733282930242,-0.0010602007177991063,-0.00035633742678589506,-0.00578082606157189,-0.02482238391741558
2021-07-27,0.02575174646861673,0.032179627845596366,0.029279883346054334,0.037163139690536584,0.03793134759080534
2021-07-28,0.03648648111331259,0.03529550148827588,0.043966789818230004,0.03459917521301776,0.05165713328149534
2021-07-29,0.023732529493568143,0.010927772276047515,0.01199346717736602,-0.0015585299661369774,-0.013252469079685344
2021-07-30,0.028205219528895684,0.008701758133836826,0.017966896893992355,0.0027354460719961004,-0.006116059444840693
2021-08-02,0.0221706460201085,-0.012942957140957393,-0.0006625760162295727,-0.025003788817189152,-0.007593624269248512
2021-08-03,0.03794594847538552,-0.01307366451184099,-0.00451485711514053,-0.018067150090520966,0.009937583246738897
2021-08-04,0.038606008743326946,-0.012744806507451382,-0.003861424369438986,-0.023714871931610905,-0.033701843530783954
2021-08-05,0.0495208278291596,-0.0064208143887188535,0.0017191833225574567,-0.01702272546511297,-0.025325030624876108
2021-08-06,0.04808526890034607,-0.0027194906753294514,-0.004186015952959139,-0.017115499256488143,-0.041555278832098703
2021-08-09,0.050055868238080115,-0.00013551119501497837,0.003945654625958704,-0.005493551714300693,-0.013610639103317538
2021-08-10,0.055147697798742915,0.005543202121219754,0.01442847280615576,-0.00877213024120231,-0.005933092124545707
2021-08-11,0.047556541775125694,0.009105264841019563,0.003638381545886004,0.009434146544945551,-0.014077370768908767
2021-08-12,0.05120067421678028,0.00903545342860235,0.006054627090250366,0.008282303147093257,-0.006080231684300627
2021-08-13,0.052034008190586165,0.024113501757414488,0.024066937663052148,0.013434533702126661,0.006140335786865037
2021-08-16,0.055670545454693944,0.02815492296432891,0.02083058928810653,0.01423009335264119,0.013863064362486794
2021-08-17,0.05976731580593603,0.02874021918198432,0.03128793413321685,0.03355278593323169,0.03208775923884664
2021-08-18,0.047740834437118684,0.020630434422414034,0.011651844839901,0.017827118978968763,0.02105992048908561
2021-08-19,0.05078377716328295,0.007208702713320231,-0.0027032772770609085,0.006246333268774343,-0.002900115639358715
2021-08-20,0.05057437808044977,0.013750105627124903,0.010568326972782668,0.02463390477788746,0.03588209580652292
2021-08-23,0.04719147638416535,0.0013393803156444867,-0.00848365964317721,0.009081201647918188,0.0013137396968356373
2021-08-24,0.04744503031170743,0.005969626973386602,-0.001153795136648846,-0.006312373589642553,-0.015425178870450406
2021-08-25,0.033879834209543436,0.00045126766745519077,-0.008758300570106162,-0.01542373172787386,-0.023067999101896722
2021-08-26,0.024716855851307448,0.009860581367603743,0.001115968288368084,-0.015892914586217943,-0.0019271817602365784
2021-08-27,0.0244560733773945,0.0060168256348154,-0.0002783036047729811,-0.0020442343628507063,-0.008078311113631387
2021-08-30,0.00900162882722925,-0.001978762922120823,-0.0029349718439558264,-0.029510385241385325,-0.02531808795449933
2021-08-31,0.001979234247490337,0.007025300672866812,0.00844150391614577,-0.014293627435475959,-0.009020164089680633
2021-09-01,-0.005518317587800094,0.013756554596142168,-0.004088622511152377,-0.006667880231186973,-0.008493568344512146
2021-09-02,-0.010778480702292216,0.014594468109429286,-0.0034256770231625845,-0.006019398169351996,-0.008184238202670113
2021-09-03,-0.02093896728538224,0.002393952805803113,-0.01669735794711088,-0.013241350033503695,-0.011625333410963548
2021-09-06,-0.029037957854089018,-0.00775257742812408,-0.027131967806562147,-0.025475987575690272,-0.01637636652904487
2021-09-07,-0.033321440012806576,-0.01941537414820782,-0.042962896989734024,-0.0346248121658329,-0.027415691786026482
2021-09-08,-0.032562481409921115,-0.026560133497081063,-0.025954179938584346,-0.02080428836342418,-0.01731938203788994
2021-09-09,-0.035642473191342915,-0.0200732797458243,-0.03127739249424686,-0.022702956638225077,-0.01721458803454323
2021-09-10,-0.029873135493639968,-0.005125018768898633,-0.03166480885663645,-0.01651363972099692,-0.013922238204567972
2021-09-13,-0.03799217918932125,-0.012424700246770759,-0.029226647087230866,-0.01130174402567931,-0.0013911675054691826
2021-09-14,-0.0257659616346821,-0.0026025840379327973,-0.023845830489560425,-0.012397689472085287,-0.005368586909093003
2021-09-15,-0.023702044448247212,0.0008922680696043039,-0.00997844399978773,-0.001876313645360822,0.0077375801643510276
2021-09-16,-0.01672771630865239,0.01574284651044316,0.01175528253754809,0.025762963377574277,0.0345729319258177
2021-09-17,-0.01409781223414876,0.012760393338945922,0.005556900792095429,0.015628184354668843,0.010883747084635142
2021-09-22,-0.02387444527187649,0.007558173387075775,-0.006900203276623159,0.013667620074924197,-0.003423391828213222
2021-09-23,-0.02754376561473064,-0.012092330079128319,-0.019773879157017626,-0.001564300074620841,-0.016097453356560324
2021-09-24,-0.013983512771573014,-0.00440914669140761,-0.00013912102008509296,0.005487004704559389,-0.0017744090460779412
2021-09-27,-0.0027572969559822177,0.008603156940648029,-0.00021309981589959034,0.0033964408603250535,-0.0004985918765631984
2021-09-28,-0.00567384489332245,-0.003945783471047885,-0.008824528008909078,-0.005863447008118506,-0.00368558089045031
2021-09-29,0.003437146063981662,0.01271194883679174,0.0044852345390073625,0.009499016915150803,0.014741437122191657
2021-09-30,0.00795349071207203,0.012489541838376311,0.0009230767556645652,0.017905762329839855,-0.0026817823676081615
2021-10-08,0.0023757406800329795,-0.00014723500184010178,-0.007620366735423271,0.009968480600654098,-0.008921353324869836
2021-10-11,0.0016096064424626709,-0.005473487854456436,-0.012646257046532381,0.009955902503864035,0.00037814227573024087
2021-10-12,0.009426915524478207,0.008311949722217273,0.018605092686577843,0.03144464442093457,0.022274383999278464
2021-10-13,0.001111584370902121,-0.00048428879112724063,0.010145885018070604,0.02242426792995339,-0.0015492810561231576
2021-10-14,0.009879601554878596,0.014839418919150364,0.022998483334507228,0.029268810014194332,0.007555612508112867
2021-10-15,0.006835833079479641,0.010457146331474584,0.019398623749755574,0.026187702449175676,0.0008780825854331411
2021-10-18,0.009603238465688717,0.007652833128868844,0.03315851332913324,0.026407320539839848,-0.00990603381320747
2021-10-19,0.0020625547531847033,0.007661143870167785,0.010697454476925593,0.012858924398747858,-0.019144679784977112
2021-10-20,0.007368099971388945,0.011345838027583915,0.02433174734651709,0.016568245272701135,-0.017393726431858377
2021-10-21,0.00840791046888905,0.00338369592259935,0.014537412121019921,0.0008573013613446156,-0.013555620646188508
2021-10-22,0.011910812400300947,0.005615355079546588,0.020717988729499707,0.006441466643837676,-0.002444732649437087
2021-10-25,0.004609475524845154,0.012740296836616725,0.03147145971861042,0.005542080980605483,-0.0028863664637407997
2021-10-26,0.0007127241827167631,0.008715648684446187,0.025843202245133392,0.010077688607540191,0.006674867546888685
2021-10-27,0.009030011209407156,0.01507321031629121,0.042167083461957224,0.025879601975609887,0.009434075609351524
2021-10-28,0.010107165374278826,0.019350140245714922,0.04714548590945535,0.03368532282336,0.02513676130837986
2021-10-29,-7.388319053447138e-05,0.003752433448481122,0.023801811597346744,0.016808872557129144,0.013837608402666837
2021-11-01,-0.0033930130279638416,0.004826030934532071,0.0163743256604137,0.0163737756999558,0.018181739493480713
2021-11-02,0.0015448265423278413,0.010641336453931362,0.01583061160989968,0.024070869515188584,0.025279112092476536
2021-11-03,0.002387683351563632,0.01563112275789296,0.014285536769233673,0.019159932897086274,0.028777732713879747
2021-11-04,0.0003541148624968768,0.0024817267797894466,0.0016495086955268246,0.010519483743424176,0.018284106774962956
2021-11-05,0.005764425197490548,0.006415568038078678,0.01116127236600288,0.02291935688547922,0.041436106145365345
2021-11-08,0.0037305236080529126,0.00015904592518018766,0.007325799113580398,0.012526122623557755,0.015928306862321523
2021-11-09,0.00377018821050029,-0.003200726541353532,0.004617893957898005,0.005344668098466654,0.01123418477567536
2021-11-10,0.019228113689315027,0.015520265869867853,0.017518186230552055,0.02041421444235703,0.028774204062810668
2021-11-11,0.018477359516267666,0.01628532701455321,0.018888234823140903,0.018515152499018406,0.020183456005076178
2021-11-12,0.014592751924698605,0.013923524616880706,0.01044858490646899,0.014510659395118006,0.01866384534905385
2021-11-15,0.016524607244254027,0.017224907991615836,0.014974371990511135,0.015099905943199071,0.042662266762562975
2021-11-16,0.01275525561397105,0.011728746860282234,0.010376468299904767,0.00398562025356835,0.04378562269325175
2021-11-17,0.006264020874288705,0.0027536550375068143,-0.006996118072540248,-0.0027339790445764004,0.025339007202670974
2021-11-18,0.015474273638070893,0.019876040864499657,0.012217770790615163,0.013013474178612046,0.028216770589770124
2021-11-19,0.0010335181178483387,-0.00407884694132196,-0.006397527164065702,-0.006798818876163967,0.008788452952534496
2021-11-22,-0.01647580426952785,-0.027111737607610917,-0.032033042784843806,-0.03525034930751384,-0.02173509624635506
2021-11-23,-0.008257813122057433,-0.014455113074260081,-0.014010692470308329,-0.030055259106561896,-0.01145388034128612
2021-11-24,-0.005721362915107003,-0.01419057328446126,-0.0011333614303101387,-0.02088258780034937,-0.015222388129295801
2021-11-25,0.002084556672205538,-0.012168144791425962,0.005685119987487745,-0.02414454452524022,-0.005361727125330929
2021-11-26,0.004545222621360703,-0.0064968524974789435,0.008903495052263361,-0.011865665853664824,-0.028953222440918372
2021-11-29,0.007028129398645321,-0.006444775680059177,0.013877255623349523,0.0008972742571152745,-0.04490709444915014
2021-11-30,0.013187778205156814,0.005671904285775735,0.012158970474471911,0.0033376201716762456,-0.0367817126539717
2021-12-01,0.004349273799686154,-0.003781747966137143,-0.0020940058276509455,-0.009421074448262795,-0.040513773678883126
2021-12-02,0.007934959997341565,0.0052703971917948495,0.01376957403083114,-0.006916867257035784,-0.02744391884670118
2021-12-03,0.006444296900535424,0.0013220533260223316,0.008902499408532853,-0.0010195693470812022,-0.027271405154333215
2021-12-06,0.008618002003264576,0.00660492208127583,0.017238376503669245,0.008424112939924858,-0.02783939021459235
2021-12-07,-0.0011025786033740665,-0.0111630594830798,0.007544973742991408,-0.004655552468101179,-0.05659585973476098
2021-12-08,-0.016583278748628038,-0.03323995911540921,-0.015307103677903269,-0.029023759066189658,-0.06892075456535643
2021-12-09,-0.024657200688702183,-0.04578648656496267,-0.024625703212147385,-0.04251612097651754,-0.07944538888387973
2021-12-10,-0.019396937928130423,-0.037928036237102905,-0.018909578216727178,-0.03207187267472459,-0.07407222051047231
2021-12-13,-0.030736599065782282,-0.05184919768330126,-0.038812068282536576,-0.043251080244533516,-0.08335232732204698
2021-12-14,-0.02159969002909713,-0.0409273886983858,-0.024842981698928214,-0.021196961146465982,-0.04837829804152984
2021-12-15,-0.024525203088018647,-0.04317184884745746,-0.029073832869422184,-0.031081109495985994,-0.04681103554094537
2021-12-16,-0.03328348920309216,-0.051067687767883486,-0.03680455877180649,-0.03305588059307404,-0.05827718132750028
2021-12-17,-0.019157905393438836,-0.023637668200957106,-0.014857632717090343,-0.017954664681818836,-0.039952764363011845
2021-12-20,0.0006263883011001686,0.005936828926121782,-0.004243049556212036,-0.0004971109647518532,-0.01737191606104988
2021-12-21,-0.006352701305267219,-0.008890527063421659,-0.02467499899053757,-0.018029138034686948,-0.040614517231251375
2021-12-22,-0.0029900899693404773,-0.0066633627651675395,-0.022466041467782298,-0.021526871725381282,-0.04633046600729326
2021-12-23,-0.009949218689390731,-0.02159132404408313,-0.03583920599056224,-0.04287147459085985,-0.05222714010068591
2021-12-24,-0.006256746207644557,-0.02378791320087034,-0.03083417838698695,-0.031956517904110415,-0.03454620423512805
2021-12-27,-0.022570502179340424,-0.045930906653295835,-0.050230650526108776,-0.05752764864574298,-0.061018729959458715
2021-12-28,-0.015573714488980385,-0.04955687292443095,-0.0547961614794649,-0.05928854166889609,-0.06682977571232256
2021-12-29,-0.02017726214369114,-0.05953679543985193,-0.06279041973060076,-0.08284429432897374,-0.08889369062370556
2021-12-30,-0.029070745646493205,-0.07131968942236772,-0.07540296956168431,-0.09105052189828729,-0.10148442619908231
2021-12-31,-0.016421354810852776,-0.05630917467735698,-0.07939750935329035,-0.07950226366470273,-0.10019155091170284
2022-01-04,-0.011993967694513266,-0.05728916752425409,-0.08963790389127346,-0.07802885154009608,-0.09790439263485577
2022-01-05,-0.0028775571435755314,-0.037958517634364815,-0.04395103452200283,-0.06692295310551064,-0.057616787711379534
2022-01-06,0.0012326554147869331,-0.02916128713520394,-0.035896631736208315,-0.06421165198819119,-0.06154046527760019
2022-01-07,-0.005567264502153312,-0.03984477376363875,-0.044244303386237215,-0.07805023851750575,-0.07580723086315024
2022-01-10,-0.01621795593791262,-0.0567588614869454,-0.05838533709460122,-0.08824722771812632,-0.08297502891560798
2022-01-11,-0.014416834648216458,-0.042636178698173204,-0.03663747702175178,-0.06753258953603337,-0.05016377008831054
2022-01-12,-0.012561400185069677,-0.044916665206460836,-0.04671611993658127,-0.07760986231943971,-0.0742112610699559
2022-01-13,-0.0077205269652184634,-0.03317986558815635,-0.037432140198894265,-0.05993416374275065,-0.053086910707953495
2022-01-14,0.0012981799827849194,-0.011665204150739272,-0.03813998678931257,-0.05480876994522622,-0.05999286139171267
2022-01-17,-0.001633033700774782,-0.01708388331276622,-0.047303081069303976,-0.06745367559217288,-0.07818627094200033
2022-01-18,-0.015084943136781964,-0.032316852977057116,-0.06278738791228233,-0.08729223669283281,-0.08828637870148463
2022-01-19,-0.011308566417698883,-0.02376697364335084,-0.03964860673038603,-0.060513990372860205,-0.043293047350157654
2022-01-20,-0.027923481964874677,-0.04824220753762135,-0.06545207644000041,-0.07835345428532674,-0.06209112609940215
2022-01-21,-0.020839004405494004,-0.03948837620060186,-0.05331934047393445,-0.05228709507935653,-0.03966575249984054
2022-01-24,-0.020888108708011645,-0.04018047319949001,-0.0566244697884995,-0.051467662470569296,-0.03902260488603964
2022-01-25,-0.004688416729596541,-0.007484996426551335,-0.021580359158267195,-0.020578479474689253,-0.005881240307222898
2022-01-26,-0.009258787953209483,-0.018236010439858143,-0.03126642124144494,-0.033820431845626935,-0.016475941692478197
2022-01-27,0.006948814543086212,-0.007500777235286554,-0.011144298008260119,-0.017047334009454424,-0.004177008794621084
2022-01-28,0.008458206912065563,-0.0175235693738282,-0.01668583745686392,-0.027324148679481287,-0.01899043343444431
2022-02-07,-0.016905794774914714,-0.06282719032980938,-0.05991171163260003,-0.06287216471165345,-0.06276933539145771
2022-02-08,-0.03404615596440806,-0.0835597169755464,-0.07809828559963623,-0.07552978741260141,-0.07159353412100146
2022-02-09,-0.04725931636941815,-0.10193455886156329,-0.1001683818173856,-0.0945257913991052,-0.09676785622720924
2022-02-10,-0.048643652523688005,-0.09234828399038283,-0.08200211456675682,-0.07413734435339871,-0.06379797458801995
2022-02-11,-0.05154788030889723,-0.08333730923352006,-0.06498939817953395,-0.04442294568109505,-0.05110903801498133
2022-02-14,-0.06522346302964195,-0.08938953002081382,-0.07720377663918629,-0.06763371612844354,-0.08471060603598726
2022-02-15,-0.09642249455130036,-0.13283711457206698,-0.1326867423712379,-0.12564849330676212,-0.1388735065365754
2022-02-16,-0.07418221908131596,-0.11164452604568509,-0.10712987929421558,-0.08858832809592088,-0.09867931743383451
2022-02-17,-0.05832443315024994,-0.09079018318456308,-0.08205600428277732,-0.07114070454319281,-0.07703336353709316
2022-02-18,-0.053423291988619205,-0.08673413471685508,-0.0796121769911168,-0.0689901369500571,-0.06837918394672142
2022-02-21,-0.05066384001944325,-0.08794533468448099,-0.08327595823189705,-0.06142413619971018,-0.06535926230512434
2022-02-22,-0.04409635413447366,-0.06760156745434136,-0.07052309029854839,-0.05207390198005347,-0.057801616873227726
2022-02-23,-0.045169179718653654,-0.06712176402101529,-0.07697583187343615,-0.06510138095075496,-0.06766989273857138
2022-02-24,-0.03807068386655071,-0.05869484017768491,-0.05893794132306865,-0.051856150030190326,-0.05534758578500325
2022-02-25,-0.05025031196241713,-0.07213280605837621,-0.0787853376924803,-0.07864953104216832,-0.09193994162968858
2022-02-28,-0.05254754107865607,-0.07436098213012662,-0.08058115040943153,-0.09360040004348248,-0.09642434057658723
2022-03-01,-0.0578552761536485,-0.08015759514041339,-0.0954092138753963,-0.10227197843110195,-0.09892331275199483
2022-03-02,-0.043825223429050535,-0.05788617836852757,-0.06341301918215354,-0.06974376955256516,-0.06253271608425919
2022-03-03,-0.045555434140811216,-0.0635198192763111,-0.06503051671307822,-0.06405941008245002,-0.06999058768330153
2022-03-04,-0.030435967351509583,-0.046096813785522814,-0.044202857575014944,-0.06019904780749823,-0.0446832856771377
2022-03-07,-0.01435567924277223,-0.0184521490045779,-0.02402076722181918,-0.032272617538287134,-0.010747100214935983
2022-03-08,-0.009066633225885166,-0.005841411771921303,-0.016921336427227842,-0.03339442400548356,0.0012329674912204172
2022-03-09,0.006375869496715473,0.0014287032770650024,-0.01976379700545575,-0.004900324438056277,-0.000515427710986841
2022-03-10,-0.013290747856772724,-0.04131959776045943,-0.060760179149061636,-0.062162888743830184,-0.05424081194528413
2022-03-11,-0.007490088085970228,-0.034145389063395815,-0.05230703010590062,-0.055242766762231416,-0.03153863483157954
2022-03-14,0.006021288166521588,-0.02772032705570717,-0.03133930881202556,-0.04356229584561785,0.0026597357850393355
2022-03-15,0.02210359617505399,0.004533842422740116,0.0063285042331344046,0.03536765122654755,0.11411198950843741
2022-03-16,0.002011644721349912,-0.03290336289646622,-0.03264900564153338,-0.008474826565085577,0.03336390498886146
2022-03-17,-0.008824480172036998,-0.05221710936328738,-0.04929500794920179,-0.031187397826990444,-0.024242669676499053
2022-03-18,-0.0179430800792283,-0.05889689567286383,-0.06588950131126986,-0.04494013265254334,-0.04446224338813084
2022-03-21,-0.026411159188605697,-0.07255023141442342,-0.08505578258876491,-0.058082588382412995,-0.0516322952699081
2022-03-22,-0.03445946757086503,-0.08796702686713266,-0.10373533380647078,-0.08132107720479602,-0.08735429697729993
2022-03-23,-0.042128695274378486,-0.09125012827099067,-0.11413430198176734,-0.10197855572337397,-0.09510365753912108
2022-03-24,-0.06474466605363334,-0.12965760490877898,-0.16064559202136455,-0.13728926966510455,-0.13137671922367306
2022-03-25,-0.05980331070669084,-0.1322918754466013,-0.15760962559704364,-0.14350130396567498,-0.10774970302953386
2022-03-28,-0.04547025121087209,-0.0958127313709097,-0.1168422942540975,-0.1051189885335778,-0.09763054623298464
2022-03-29,-0.043676320579048536,-0.09468729401014414,-0.11712717324864093,-0.10088482017107643,-0.0936080300586983
2022-03-30,-0.03536718095692181,-0.08912088302509454,-0.10770695529278428,-0.0879060696028683,-0.06706627286993203
2022-03-31,-0.0421385120655659,-0.08550258260727892,-0.08900120617856151,-0.07563909213389405,-0.05998252380881738
2022-04-01,-0.06194262364811347,-0.10656388816066904,-0.11831045910601014,-0.09623485858763374,-0.09337750457579815
2022-04-06,-0.064357225419774,-0.10450559412088094,-0.11374159622146812,-0.1009424943311107,-0.11177857436939821
2022-04-07,-0.04778954008330665,-0.08386033672529034,-0.0838942052071187,-0.07732468413627534,-0.08631857046668362
2022-04-08,-0.04408976810993605,-0.06505183913780986,-0.06842089316540893,-0.056769129534502784,-0.06874058530330752
2022-04-11,-0.033340195120024924,-0.03789966792294982,-0.03310317503380365,-0.030284540048258608,-0.03766161841678457
2022-04-12,-0.031289723248537155,-0.04731308413050649,-0.046204448404641225,-0.03289213237490484,-0.03544580197313321
2022-04-13,-0.03385380053521828,-0.03927244498644977,-0.03880514897612593,-0.024004511782951935,-0.02305914583988343
2022-04-14,-0.036959605542087215,-0.03384585217120228,-0.040117154254803056,-0.024161496976977465,-0.011962790907010228
2022-04-15,-0.035234360820579416,-0.03131110861168578,-0.03531082709665314,-0.017218904413774085,-0.004623515546351739
2022-04-18,-0.02781808044206864,-0.033065225169566774,-0.03416577866635287,-0.027433154370122496,-0.005909564374192812
2022-04-19,-0.015385835628286968,-0.007138852639797199,-0.021291431781391684,-0.0021621187012728273,0.0218144068078362
2022-04-20,-0.008996750773699113,0.00521124485528215,0.0010294656988053968,0.010541274121212679,0.027258322300732506
2022-04-21,-0.016034793059700524,-0.004057561043204235,-0.002893276824188921,0.004179783153780252,0.027769351564266475
2022-04-22,-0.01409011783083744,0.002877983481459671,0.008029920510011751,0.02162352203775931,0.03707314380867633
2022-04-25,0.012827786998406403,0.03325332274065685,0.07351185852652135,0.0902348243293943,0.11753274110371657
2022-04-26,0.024630514026246223,0.04766388461753234,0.09091763009710403,0.12621521240852518,0.12588747355893304
2022-04-27,0.02145004147197195,0.03474710124847327,0.05998515676809778,0.09444734884991088,0.09844652159255302
2022-04-28,0.024684318054170463,0.04754063808821401,0.07447151248200869,0.11824587567675755,0.11410674102600005
2022-04-29,0.007382821261658006,0.019095807385628202,0.042676923961626444,0.06849559924191871,0.057004904974200445
2022-05-05,0.005377987754153026,0.018258073835050705,0.048368247911314485,0.0784428709162629,0.07512636230518122
2022-05-06,0.031827989522682384,0.06290169842111303,0.0989942090959572,0.13117384122011297,0.13655966802037334
2022-05-09,0.04174009627091024,0.07826019110137235,0.10253880644951094,0.1285088906828855,0.13906953470211167
2022-05-10,0.04270333685482759,0.07038502681336985,0.09354498647791949,0.12295854917184132,0.1618841425862206
2022-05-11,0.03234988558325568,0.040673957440485485,0.06177371646057029,0.0816726633610778,0.11914740495574082
2022-05-12,0.040211395878971205,0.055904553145681,0.07536380350882965,0.10150246622441847,0.15318172793661658
2022-05-13,0.02066492235565872,0.037427033162665775,0.06106286342326997,0.08960231310022172,0.11993624637325905
2022-05-16,0.031606690415559725,0.05016449814517465,0.06398754821559431,0.0952266200900061,0.11778113035796049
2022-05-17,0.0314479136013939,0.06182956532733431,0.06272770190894371,0.08497599774433406,0.09913414629803115
2022-05-18,0.02474904867940723,0.05693802872493393,0.0608493571368472,0.09077963841421681,0.09342776738263096
2022-05-19,0.032531512933496314,0.06857901698088219,0.07608340699376562,0.09388818587116515,0.10884124540003974
2022-05-20,0.02133833220280055,0.05730630988589801,0.0662427838607916,0.08600661225055815,0.10106552334095452
2022-05-23,0.025112686545300706,0.06263103783274408,0.0653990210145565,0.08464003618658968,0.09725009316143235
2022-05-24,0.028945189508186912,0.07206225315848602,0.08586421696515593,0.10515413395522455,0.12418618845967294
2022-05-25,0.03383892761579005,0.07887472998048209,0.0967059494875563,0.1144139935091368,0.14417149726935521
2022-05-26,0.03449431859983735,0.08706432520819034,0.10927736444977727,0.12528660688978868,0.16660596046528356
2022-05-27,0.03644362781365933,0.09758677594730136,0.11423262595265861,0.1331302253162139,0.1708745082728743
2022-05-30,0.040587289948866394,0.09578766334216113,0.11445203507844738,0.13928084217014397,0.16874385218478996
2022-05-31,0.027108526829238627,0.06672015384191737,0.07473564074744796,0.09188630513378387,0.11572864426266209
2022-06-01,0.03531139338623373,0.08073334220124545,0.08531561821802548,0.10330993791308837,0.12268989428540139
2022-06-02,0.03182215667526229,0.07973086740978073,0.07835240941169762,0.08619347028418306,0.10364115888786397
2022-06-06,0.023490972489101033,0.07378776538092237,0.07227645950748683,0.0656890546635819,0.08129517144462992
2022-06-07,0.021234187873895336,0.06715958763903661,0.06828004023775038,0.06386622755736189,0.0765135281793002
2022-06-08,0.00037663828615408306,0.040173947124799554,0.04521950086605294,0.042702130159290516,0.05162678182930002
2022-06-09,0.0029116399002896668,0.04996705290364204,0.06045577997342144,0.08057550454314939,0.08120974139740662
2022-06-10,0.0021668752982651122,0.03377514771570368,0.04115273813888229,0.061815895783904035,0.048355625945272596
2022-06-13,0.004294205833011838,0.03608278571269795,0.031064765051555428,0.042422424941750476,0.027025773059432545
2022-06-14,-0.002355327088470054,0.02183329064920429,0.014996766926174085,0.024946065466476507,0.010376906460185851
2022-06-15,-0.012427216505392873,0.006579371511032163,0.008876439368777004,0.027460603351240963,0.00891150115641889
2022-06-16,-0.01057593813374371,0.01770441130331599,0.01585304402030622,0.035486567313308154,0.022360209422782544
2022-06-17,-0.02570753734057423,-0.00016713795609021146,-0.012967062978797218,0.011832656511999566,-0.00830379884023099
2022-06-20,-0.012772999447485752,-0.0027417535754297173,-0.006990803392200612,0.010700683219374493,0.003241978517247382
2022-06-21,-0.01606655433875201,-0.007077165153743905,-0.0017111632543109832,0.0029485318313404135,0.00809768984916228
2022-06-22,-0.004170610685369108,0.012991451316020062,0.02037656834969965,0.024298969497524973,0.03258986187919217
2022-06-23,-0.017843921456497033,-0.008928032350002998,-0.0005422235515431937,0.00015421822124465448,0.002441204250339925
2022-06-24,-0.02481999046064018,-0.015340199653550905,-0.02070243438418422,-0.014971513506936766,-0.02743965209616325
2022-06-27,-0.032594524831502006,-0.032023898763956456,-0.03427481533748457,-0.04548528015404375,-0.0488491877229302
2022-06-28,-0.03282816515790347,-0.03310282469414661,-0.03966223382116741,-0.04586414128205332,-0.05024180222696243
2022-06-29,-0.029453596183973245,-0.024213687626756145,-0.019882807145678597,-0.02339277554067455,-0.03416741718356699
2022-06-30,-0.03576251279050869,-0.032875797644219676,-0.029643741797890345,-0.029933513870255935,-0.030893064768354732
2022-07-01,-0.03921825434064571,-0.04186264228444701,-0.0370912781986524,-0.03466752112827295,-0.04868775007664867
2022-07-04,-0.04448201494475785,-0.04537632918786021,-0.04355300255244083,-0.03014892595853203,-0.0441643742994495
2022-07-05,-0.055776705908631936,-0.06171349361866569,-0.06460289927844502,-0.04935340976542803,-0.06349754439113843
2022-07-06,-0.04843423698948423,-0.058890884662828616,-0.05522807243022631,-0.04648357597755318,-0.05365176579611326
2022-07-07,-0.046475494032462046,-0.057485213791746696,-0.05837113378395585,-0.045499277307654434,-0.04572839649897306
2022-07-08,-0.031024738287322242,-0.041468495312546406,-0.038230286101844174,-0.01780042267127483,-0.031904608412718666
2022-07-11,-0.021812244732519363,-0.03031675845609902,-0.018180873127246953,0.006406092855052557,-0.007707010745995294
2022-07-12,-0.01958137458423772,-0.021481898586909715,0.007766447927686599,0.01659120628425756,0.010077769034962889
2022-07-13,-0.023237824775519063,-0.030399546734872593,-0.009776199349446934,0.006171397061944873,-0.014918647843733207
2022-07-14,-0.007288245380014351,-0.01104880340304709,-0.0038123650856453453,0.018742102516419796,0.000470376994334692
2022-07-15,0.00340073281223417,0.0016730563049256629,0.01214316029440114,0.02765898266971001,0.006812023457452745
2022-07-18,-0.005036123209147392,-0.007688992373947827,0.004039580182867722,0.01080650938807434,-0.007631489417839191
2022-07-19,-0.004864370833454553,-0.008744275703991947,0.0075818291984372675,0.008186996819730527,-0.01367560291921025
2022-07-20,-0.0019520182417677712,-0.00412022551272573,0.0010169653946656072,0.0030447861803775474,-0.011811863395937773
2022-07-21,-0.00025129665073124626,-0.0019249694418429066,0.0036248944177842517,0.0032991085315669027,-0.010905954411945343
2022-07-22,-0.001363114084857336,-0.003654602184591688,-0.004284610414252989,-0.002778414331009893,-0.016510442026009722
2022-07-25,0.0045854942338860285,0.008105497205680507,0.01450050281131067,0.014884576350228391,0.005963844622411203
2022-07-26,-0.002683806225160366,-0.00510505709038569,0.0036812691683112122,0.0037718932586132824,-0.009216476220026066
2022-07-27,-0.011800480804803212,-0.021043119996745494,-0.018490658231469333,-0.019627420185833504,-0.028234868539833355
2022-07-28,-0.007682681325655733,-0.017808485464261146,-0.02126603854179846,-0.02239163764926879,-0.024056626419312655
2022-07-29,-0.0015257717331890906,-0.007517313558340197,-0.012490673359095643,-0.011227135674045265,0.0005989893390261226
2022-08-01,-0.0063739077837469665,-0.015254158760115747,-0.026247533270786154,-0.021176424739161252,-0.013169066239746787
2022-08-02,0.003906585397011152,0.0017757534233505013,-0.007716546010761298,0.0012610108063781913,0.008903212064827179
2022-08-03,0.009164484543876871,0.002969654104528228,-0.010366119433114475,-0.004856250210070182,0.002650634295511814
2022-08-04,0.0007927949457956395,-0.01043202471748477,-0.024857577298997756,-0.02531749064010537,-0.015000677190250009
2022-08-05,-0.011047023468478,-0.026729060857738303,-0.04246237056133748,-0.045341194992438064,-0.0316487938364626
2022-08-08,-0.012414896439042566,-0.02911579121338671,-0.04455241360592478,-0.05097183383708655,-0.03565963617184768
2022-08-09,-0.006104521939495046,-0.02395614324517136,-0.03881010048491675,-0.04221177496875856,-0.027163358591398172
2022-08-10,-0.0003586551819786661,-0.019391406433746795,-0.024957676905476543,-0.028465501069573858,-0.009034032188457006
2022-08-11,-0.009253031202821553,-0.03866215714146839,-0.05398635130096056,-0.057357558875375574,-0.042777592119282386
2022-08-12,-0.0029019980448764444,-0.028091873170546566,-0.03790554829880559,-0.04083472650930628,-0.032065988826742504
2022-08-15,-0.0016571522806622786,-0.02212677161255372,-0.034900129625964095,-0.042232728734160216,-0.03740565055983343
2022-08-16,-0.007291503781657769,-0.03317225912146705,-0.04248626577808303,-0.049056400176597584,-0.047783919392319796
2022-08-17,-0.016923929322734965,-0.050288352552871354,-0.06630397814956977,-0.07121126258678193,-0.06423552081750726
2022-08-18,-0.030011942145618583,-0.06038187464679342,-0.07836992821459991,-0.0847507547355902,-0.07646178377323855
2022-08-19,-0.02683107953857955,-0.056776462445085274,-0.0798837511729795,-0.08860482217439714,-0.08047963040110853
2022-08-22,-0.02720815329393959,-0.059337359114539294,-0.0846483818708721,-0.09136674673055228,-0.08102001215579155
2022-08-23,-0.02582539200911897,-0.06289589742008729,-0.09260274145628063,-0.0926797158106532,-0.08603800694549987
2022-08-24,-0.023049727547112483,-0.048720462389701395,-0.07211647199313517,-0.07656565506678141,-0.07767477819139226
2022-08-25,-0.03088625024469538,-0.05909245617789086,-0.08459217375629029,-0.09095821871629678,-0.09805298896635639
2022-08-26,-0.038809734274458885,-0.06834437397176514,-0.09199767007017176,-0.0894998570765721,-0.10331111172886241
2022-08-29,-0.027103185469335885,-0.05229363525099418,-0.07113462829025383,-0.07164302904554057,-0.09019055763553463
2022-08-30,-0.03380282737885894,-0.06374374663847113,-0.0879532521388428,-0.09049018540146747,-0.10586896427183609
2022-08-31,-0.03605542477489395,-0.06340831352312948,-0.07395785536902158,-0.07118497973721635,-0.10500929517176368
2022-09-01,-0.03331569043324578,-0.06077712291846756,-0.07913421401298264,-0.07956274146276886,-0.11138069005034695
2022-09-02,-0.03738397863279053,-0.07384426728776149,-0.09734478653608981,-0.0994395860195188,-0.13083460532500954
2022-09-05,-0.04171852258425579,-0.07051025561627026,-0.097247902179372,-0.10122152284226657,-0.11900820927999213
2022-09-06,-0.04196332677611059,-0.07143778343141101,-0.07925296321074492,-0.09143592941957777,-0.10474389515963516
2022-09-07,-0.04400697946518624,-0.07467141378823632,-0.07674990293250983,-0.09040568950334375,-0.11818595477312288
2022-09-08,-0.03062873396088608,-0.04916903171397072,-0.04218502160603085,-0.05335072101090017,-0.08626217310570422
2022-09-09,-0.03953321232029162,-0.05541778026642922,-0.05162673820012964,-0.05589544254961955,-0.09644239018519545
2022-09-13,-0.044422196671679556,-0.05464734378606949,-0.05278265224910961,-0.05569910177648228,-0.08153531221143359
2022-09-14,-0.0437891098630666,-0.05774232750827216,-0.04955423388411855,-0.05673390165489323,-0.07633096602014133
2022-09-15,-0.04604681108827983,-0.04944019235093283,-0.04731079718177708,-0.0391702360651147,-0.0679794897768224
2022-09-16,-0.03459285215580772,-0.035529897844268785,-0.023924035182658315,-0.027313966076527457,-0.04946863413565258
2022-09-19,-0.05127656076745257,-0.050708219675961605,-0.03582853772713751,-0.030359313441848286,-0.06801549455849705
2022-09-20,-0.053003613581676254,-0.05732438190640776,-0.04716143163959818,-0.03791368467918974,-0.07564897219750691
2022-09-21,-0.04851913373204329,-0.04789311936429539,-0.016710234153556484,-0.0007053612358837506,-0.05421651627502992
2022-09-22,-0.043142765848556475,-0.04545910341046292,-0.009622730661167702,0.0036560411848159053,-0.045802502888606836
2022-09-23,-0.059180457939500844,-0.06235581839574711,-0.021176477506718222,-0.01814900204171384,-0.06504209001102142
2022-09-26,-0.06498392572197204,-0.05229674984554415,-0.01464433736983374,0.000496687271974046,-0.05194189674697088
2022-09-27,-0.05121434271882986,-0.04150684233474843,-0.007555649910942,0.008687601412700622,-0.030768011338121737
2022-09-28,-0.029682548575891657,-0.021348031649112625,0.019908327326703345,0.040670351833677565,0.020305577565947388
2022-09-29,-0.035199952219747095,-0.021824204617007344,0.016295738629069526,0.031418127310612526,0.012022013628695986
2022-09-30,-0.015218207084786727,0.007041483235639196,0.05192991001175502,0.07176095950335451,0.07295324664860181
2022-10-10,-0.0016063510170551555,0.02813496734314289,0.06566085782549533,0.11197792046400015,0.10422443419001559
2022-10-11,-0.003447063968116382,0.02182272684364673,0.06740231688593862,0.09918021099381177,0.09657732363334778
2022-10-12,-0.0130965941158195,0.0025029136797584672,0.04106189904219014,0.0684677469731601,0.04665138988453953
2022-10-13,-0.011382097392594824,0.0026955726453079094,0.031305546473998865,0.05466915080480989,0.03296683930808961
2022-10-14,-0.004545249734700329,-0.0006670818182037368,0.01908950061355698,0.04944226619662414,0.030048274164883825
2022-10-17,-0.0024640879361083876,0.0062557779268157315,0.021674238225697372,0.05238014169139887,0.015114423295364256
2022-10-18,0.009041137168010176,0.021287600087323864,0.039141136449910206,0.06987634159503099,0.04095983798128203
2022-10-19,0.01758333933678234,0.038216069069260734,0.04282641162871921,0.07582472439166628,0.03750464988572438
2022-10-20,0.016287304458360824,0.04546588716836084,0.046090055334558656,0.08317688631266092,0.04426162981868865
2022-10-21,0.0163106682716841,0.04590075292176447,0.043802260606562185,0.08303572037057165,0.0368600019315905
2022-10-24,0.02841716356675628,0.04678699535089634,0.06915454604880741,0.062175585817755556,0.10727907291434616
2022-10-25,0.03495438409686882,0.0435887906593553,0.06733461217937951,0.05705416416861654,0.0701277144531038
2022-10-26,0.03560545152457672,0.028155991719474718,0.04338862358612066,0.032396441516625706,0.060129712526519406
2022-10-27,0.03332393916969678,0.031369604177965124,0.03214455135239498,0.03497335501665324,0.06438505080370949
2022-10-28,0.06052963558294071,0.055164665196211396,0.05310577635415791,0.06980710268236555,0.09773692095983395
2022-10-31,0.05955050096708463,0.039463799812448755,0.041672422894446635,0.05665919694169063,0.08385366569138827
2022-11-01,0.06312500926218124,0.03428241777133929,0.03433813709494557,0.0533813716947951,0.06717991330411267
2022-11-02,0.05529302048262836,0.02394617906478246,0.024158653097821926,0.03553494286223704,0.052284224403776294
2022-11-03,0.06295268411664633,0.042523146506251816,0.03487509103515167,0.05501489937138608,0.09431013075259105
2022-11-04,0.04234934779139747,0.01578015503226716,0.004955200661434779,0.02252028126173172,0.04128263852166358
2022-11-07,0.05628672169507287,0.025183439933500355,0.015142105839823455,0.029757718708146502,0.05408690796365794
2022-11-08,0.05678731725066209,0.030448726284856783,0.021128126702564545,0.03581824286010289,0.060343949101662034
2022-11-09,0.04990897338815396,0.03743130077227695,0.026646835272328036,0.04577520374042495,0.07993156696446901
2022-11-10,0.054650448618002126,0.04551509659816263,0.028410968074242527,0.05512806566522302,0.10660368020747117
2022-11-11,0.04099226958236598,0.030630351864493522,0.020338502752429388,0.03637116346615655,0.0796991938952017
2022-11-14,0.02907525962915372,0.02412533996157817,0.016839842182004013,0.03133554234868497,0.05453143612427259
2022-11-15,0.019951767399663232,0.0003017170759805918,-0.011181952621059914,0.004280688478460457,0.017091788429713598
2022-11-16,0.022607848574565607,0.0069698032561637405,-0.009162103056499595,0.005257155714983577,0.029809332528558614
2022-11-17,0.019807970263979256,0.006109666032152965,-0.011193378130098722,0.002651316922914251,0.03524110278195326
2022-11-18,0.022257916611055497,0.006128706812367297,-0.0159176544752035,0.0013621020791034406,0.035882015087061764
2022-11-21,0.014959922063015378,-0.0030032887157916068,-0.03358628666056727,-0.006214430711626602,0.0327085541715238
2022-11-22,0.0011271901680250194,-0.008947577376016022,-0.031808459884094815,-0.007147716025761329,0.03539495902395787
2022-11-23,-0.0013413212733121133,-0.011249116003222348,-0.029851867735496064,-0.010518786204864074,0.0316022943972576
2022-11-24,-0.0028848115505946143,-0.008759202122182503,-0.03072241100717788,-0.00931142456922509,0.05152325956951344
2022-11-25,-0.013871331242252522,-0.0133838271135323,-0.023959923396226778,-0.00834907112323126,0.05533486769993552
2022-11-28,-0.007868265153007169,0.004958956874961885,-0.0024900016399264364,0.012591463346071545,0.06841238380747625
2022-11-29,-0.01618356831715099,-0.005293002036954372,-0.013803169910740508,-0.001540061741921836,0.04494679656266029
2022-11-30,-0.020312938049271406,-0.011705826337153575,-0.018204370145033375,-0.002593700983306969,0.0327777862250935
2022-12-01,-0.02831526932463173,-0.022776114520260522,-0.031069866260528777,-0.022179826130066933,0.010058281569885228
2022-12-02,-0.018243541533493012,-0.020703234595824727,-0.02266507101082475,-0.01645406321697038,0.01574010542768683
2022-12-05,-0.024601470532389997,-0.020529326170200365,-0.02446251504414745,-0.013059576625691252,-0.004764704251512394
2022-12-06,-0.02078034298281795,-0.021943056603865693,-0.02853235241358598,-0.014604875388104377,0.016820192649263096
2022-12-07,-0.01153546737259562,-0.005276083425904653,-0.013490765817250297,0.0010113699124682314,0.03232074321409519
2022-12-08,-0.011714861461125842,-0.0050868156915514825,-0.004845375533801821,0.003827487550412611,0.01901009931270185
2022-12-09,-0.011234579065024359,-0.004858296062345994,-0.004223290475583491,0.0005215178070575062,0.020486103646712914
2022-12-12,-0.005960046397707706,0.0005739831708190023,-0.0012592626455184156,0.014594465560194897,0.03499795215335079
2022-12-13,-0.003922711245746699,0.002982070435376472,0.000588118294760899,0.013335998767137062,0.0356249372496452
2022-12-14,-0.0031157843218942573,0.005270439078810987,0.0005342841692494837,0.017159524114560325,0.022018661019200317
2022-12-15,0.00504683492306071,0.011309573043346476,0.006876692283242873,0.028683485695086382,0.04735850073613184
2022-12-16,0.01777211708977771,0.03297636557142708,0.03200086168816381,0.04897514333100868,0.047433163550821965
2022-12-19,0.034347563122955754,0.05117406451364519,0.056427302859710975,0.06279640330947886,0.053844038837640204
2022-12-20,0.04545633220412459,0.06756190603211357,0.0703050677507926,0.07721381653599785,0.07732143063300227
2022-12-21,0.047086153051344476,0.08062847682011871,0.0846947350302145,0.09291660192192296,0.07765675821870435
2022-12-22,0.0519446642667425,0.08889184075943675,0.09337079368058607,0.09831596083469818,0.08240672079219233
2022-12-23,0.0673609216564633,0.09672774772601685,0.09167000420374506,0.110392649389567,0.09635253273949743
2022-12-26,0.05666784621632889,0.07470491276259394,0.07543063173059805,0.08495970548132593,0.07526788786107967
2022-12-27,0.05559119158328437,0.07528428466512636,0.07894098594874124,0.0944712214181034,0.08809654913554597
2022-12-28,0.05642082499232425,0.08276133577839019,0.0864398958044089,0.09998298909810363,0.09535832764667564
2022-12-29,0.05262900066231918,0.07526448615308148,0.08524927634410932,0.1003131179113547,0.08534598482121915
2022-12-30,0.04044374013106558,0.05887632633546006,0.07279306299317678,0.08373812739491543,0.06363610814752661
2023-01-03,0.037270957426608846,0.05341052540692445,0.0648689116414804,0.06989860442934794,0.05537728688411093
2023-01-04,0.03182776842868637,0.05113122384555625,0.05671786972760616,0.06025309727094558,0.04296777238073362
2023-01-05,0.03142006211577091,0.0483635443914984,0.05732007042150718,0.06459801205804881,0.03998735285526337
2023-01-06,0.028059164189668653,0.043786628069812566,0.050616427580978514,0.058229801359027965,0.021871964753461686
2023-01-09,0.029188287004693333,0.043793564388669895,0.05048611779030223,0.0580952018493571,0.015985639010400943
2023-01-10,0.030697329946911107,0.04427968373433046,0.04962416812020329,0.055109505613120134,0.011957892889937169
2023-01-11,0.028605430301892918,0.04408980791263211,0.05254919346999721,0.06257176648509126,0.005058800526968305
2023-01-12,0.022228883741922684,0.035712959120881314,0.040823333828635365,0.05246910904996795,0.009357895278325932
2023-01-13,0.004533915370035686,0.011690824218164732,0.01990675577188811,0.024351050840299805,-0.017207041351974088
2023-01-16,0.010096572183899812,0.014860135194509507,0.02730507916680055,0.0269475559626769,-0.010401460998444505
2023-01-17,0.01252867464454037,0.016571295698774746,0.022778222905639613,0.027238300086182783,-0.014487766315588034
2023-01-18,0.00435964281077842,0.006893674198197863,0.014715746487458832,0.016188235981223157,-0.018553103503228932
2023-01-19,-0.0018128652944041852,-0.0025744618279986762,0.002323947875554312,0.004322542682004644,-0.023044307282528598
2023-01-20,-0.012682171886626023,-0.016263520694301238,-0.006138984297519761,-0.006373058031220025,-0.043477330275009586
2023-01-30,-0.022683340098717326,-0.025540539222472052,-0.01865026662556303,-0.02662672059911994,-0.05663236680644966
2023-01-31,-0.010172059040775533,-0.00740124034700298,-0.005951899745148232,-0.016361983550322413,-0.03563011038351157
2023-02-01,-0.008443798518909298,-0.007500829747250543,-0.005226622371758963,-0.018323828242490965,-0.036675202302906336
2023-02-02,-0.00826095044479983,-0.008992638715193943,-0.00374271677832814,-0.02462968933880524,-0.04814130428480658
2023-02-03,0.0020050250420832324,-0.003828656392381506,0.004369740245271791,-0.01894170701578418,-0.030207833052293125
2023-02-06,0.015156314180511539,0.0010906233609586325,0.012237287435909518,-0.0036705517747392456,-0.013715850437560446
2023-02-07,0.0041136874679415895,-0.016725724408651586,-0.0030275622105070585,-0.022714825508596354,-0.03671367432185736
2023-02-08,0.0047567631870710616,-0.013674613994265467,-0.0005734174449316807,-0.01642155333339892,-0.03972537994201258
2023-02-09,-0.0056842100161648,-0.02543341677498064,-0.012217925730299247,-0.03449829063510386,-0.0583985752799066
2023-02-10,-0.012192314508273223,-0.031136473197348972,-0.02332481657391709,-0.03410465286227985,-0.06771424075093263
2023-02-13,-0.009796693352365878,-0.03137815974787606,-0.021338775382973487,-0.03201164533040521,-0.06657141340886352
2023-02-14,-0.01416262745675753,-0.03909946280022661,-0.031951870666818316,-0.03964855146868736,-0.06956589873742089
2023-02-15,-0.007067235252328154,-0.02919123324298832,-0.03325285102189256,-0.03305295476510958,-0.06147791806942689
2023-02-16,-0.008340578904462926,-0.036758747609567696,-0.034272530574469266,-0.0373134613970845,-0.07382191229579273
2023-02-17,0.0043490623187436355,-0.013383353682639064,-0.024962718295302787,-0.020613459612464205,-0.02430632113177699
2023-02-20,-0.014807492130113023,-0.03728939063867933,-0.045773926753367535,-0.04153273420260699,-0.047945176863880404
2023-02-21,-0.006617158554893854,-0.032974139851279644,-0.03506876591406604,-0.0301979124439901,-0.025737868497556597
2023-02-22,0.0012128093823468855,-0.024606034810540953,-0.029555130513701407,-0.012995698963350054,-0.00256818813765665
2023-02-23,0.007176033627952066,-0.016089079008682363,-0.018982806398447658,-0.0020429182345877836,0.01875624147674633
2023-02-24,0.006816305387336723,-0.013704333225721952,-0.01060008563968909,0.009918251969555529,0.033164466259874174
2023-02-27,0.004860890752735986,-0.010277237230762477,-0.003817796479697172,0.0074477122914607535,0.06047301721472239
2023-02-28,-0.0011840460752849363,-0.016575654870530573,-0.01420839741661053,-0.012358676389786973,0.042558766452084576
2023-03-01,-0.011856704940805839,-0.025081098802893845,-0.02199652047844797,-0.02072076250067891,0.02506003494679349
2023-03-02,-0.007157691651695316,-0.020646377039396837,-0.012069233006045423,-0.007753524721453833,0.02735504782681469
2023-03-03,-0.007796310122915029,-0.01806907280221525,-0.010282952090645048,-0.009613771088754544,0.043052593686811955
2023-03-06,0.0003979146815740933,-0.011833831631312595,-0.0006517851456482425,0.002206928109992747,0.06721784755116636
2023-03-07,0.010072727605505783,0.0008135260745290576,0.0013886793717182164,0.016057052128954204,0.10756181407439831
2023-03-08,0.010868526586554699,0.0017675426343788125,0.0058035811740564155,0.01934170531648437,0.11485561007906264
2023-03-09,0.013772037755613009,0.009674711244251994,0.017231449039842025,0.028880778900694248,0.1343309030733741
2023-03-10,0.02214054423394884,0.02390230152451497,0.025063066130977765,0.04750090537472823,0.12206603803086917
2023-03-13,0.01561133431595595,0.014335589499717692,0.021508100154277787,0.04533015514456571,0.10608036405738581
2023-03-14,0.022580878353122735,0.02574584216605625,0.020622564102766323,0.06848213575983693,0.12089753252551139
2023-03-15,0.01546662169064284,0.01973899194895363,0.017730613741142497,0.05089219076603844,0.09445170499008633
2023-03-16,0.025553818906500644,0.042039082328831676,0.042669855420529396,0.07417988817127683,0.11181894603795671
2023-03-17,0.030195073077996955,0.04378459036095028,0.04533501341865553,0.06870675426577603,0.08948751086104995
2023-03-20,0.03677505553782319,0.05261867679782001,0.04858183196834424,0.06787624713250831,0.0972606206000635
2023-03-21,0.028677513542921765,0.034014498724427675,0.02709575021685586,0.045157376140944595,0.07431179025776226
2023-03-22,0.025191182908778944,0.02380895425198652,0.019814020214837847,0.0344771266111629,0.06811125184045998
2023-03-23,0.008452947608707849,-0.0017671234133244081,-0.006126508602373101,-0.0024771112127761146,0.012922435876054642
2023-03-24,0.005686364422214183,-0.011864990281476069,-0.01632659267562872,-0.017133679174875353,-0.0021126589525566233
2023-03-27,0.006982293080076225,-0.017807220144843434,-0.03501308140493402,-0.031392275221744724,-0.01625566292455301
2023-03-28,0.00674289695747449,-0.018983746112574237,-0.021501406793120934,-0.009999000075359372,-0.012771288094411947
2023-03-29,0.012484974978060585,-0.01177104094672723,-0.01597176317128593,-0.016610151057695626,-0.03164790504407649
2023-03-30,0.015901811909532045,-0.0066235002778168356,-0.0172567711008842,-0.0031447279309961646,-0.011063615266791295
2023-03-31,0.021609561945576693,-0.011175386635431954,-0.030259737863048797,-0.012369352593712971,-0.03834674901928238
2023-04-03,0.015847342259490894,-0.02422142759241987,-0.04525960781210045,-0.03443410753486106,-0.06108032367058982
2023-04-04,0.02256713577162411,-0.018823794959552106,-0.038963058993826336,-0.020201259390766394,-0.05338565383150846
2023-04-06,0.016941955949877557,-0.024181875953948776,-0.04823477782339451,-0.03852343497804212,-0.06887268588976006
2023-04-07,0.004502456801017554,-0.03661739015734689,-0.06117993924249033,-0.043005377479284006,-0.08602320369844137
2023-04-10,0.006583980179395619,-0.03398306915674321,-0.050860454031247754,-0.04008188151963383,-0.07665791299896613
2023-04-11,-0.003667073372141331,-0.038097602728186145,-0.06244148348425403,-0.05161443700538612,-0.08343777425115947
2023-04-12,0.0016902735926413288,-0.028848429424027718,-0.04726799456061395,-0.036494067745636266,-0.08622018775310376
2023-04-13,-0.0019854331515009416,-0.031066225307727114,-0.04238135845451584,-0.025623928182747745,-0.0824454958975165
2023-04-14,-0.008755262444113987,-0.03640299828885628,-0.05073737596255595,-0.039391802142109425,-0.08627457273368079
2023-04-17,-0.016378397814213127,-0.04405796583121564,-0.06078185133397072,-0.04803420382747667,-0.07379770467275917
2023-04-18,-0.022173912801764367,-0.04283259833490626,-0.05609972150659034,-0.05073144821365666,-0.07215153121709376
2023-04-19,-0.014463743314403315,-0.034003800653492906,-0.045135976246672774,-0.038701539429555516,-0.06803556143467951
2023-04-20,-0.022611362042538684,-0.038717459327698,-0.04680527405625904,-0.04587129012566554,-0.09060209976805365
2023-04-21,-0.014569692782912562,-0.03393173503445646,-0.04021269267595825,-0.029537711537942695,-0.0695168434733356
2023-04-24,-0.01040860172251303,-0.025576487339528223,-0.03387785271109676,-0.024939851048737083,-0.06714633623631716
2023-04-25,-0.008450280612223571,-0.016433934504396855,-0.022100787514790034,-0.010576645925093222,-0.03951869449227649
2023-04-26,-0.0052210809227598845,-0.022318954712962653,-0.03001428108111636,-0.03159870514632692,-0.034022321393260814
2023-04-27,-0.010432288662247187,-0.02743935902162297,-0.03414490921260093,-0.03206573888751124,-0.004803393501787189
2023-04-28,-0.021895713001149942,-0.04406297973410868,-0.054592238468826396,-0.04830474299034245,-0.03152846891136102
2023-05-04,-0.02957757929334696,-0.03933217421941069,-0.04335505928391036,-0.039667694987847925,-0.006443072700363398
2023-05-05,-0.023344157537832474,-0.01977447624735346,-0.0253570518266043,-0.014112026117537887,0.0142698995503809
2023-05-08,-0.034735110551516644,-0.03059389792133911,-0.03625930763463549,-0.024452545972143056,0.007204958156081826
2023-05-09,-0.03136871497479546,-0.036032050766503836,-0.03732246470781942,-0.01994729781251691,-0.0026476987005795275
2023-05-10,-0.021623454438813954,-0.03268283589171807,-0.04525596974575692,-0.02570518101470505,0.008748008467472026
2023-05-11,-0.015008460784698823,-0.03111676038152162,-0.03620646668764024,-0.02741038972593328,-0.006506149176793997
2023-05-12,-0.004018492944180025,-0.019465791602893336,-0.017206020508344275,-0.015444351298741934,0.024739148259763036
2023-05-15,-0.006808035834502373,-0.02252840034609059,-0.03348659969141131,-0.030033688879122812,0.017183992631710113
2023-05-16,1.1742434694813369e-05,-0.015573576826006224,-0.02501915702924689,-0.021207665150337923,0.05028035855592473
2023-05-17,0.0014492839880507846,-0.011963243313816666,-0.025749025200402332,-0.023756420144954372,0.05439415600696214
2023-05-18,0.005907841481894282,-0.0016761315073658,-0.007549871760352411,0.001706546582715004,0.04616449735195056
2023-05-19,0.011662822316464368,0.006500121799360485,0.002054123128591352,0.016199309410769545,0.06846479098607122
2023-05-22,0.002748282998373507,-0.005736907998102525,-0.004564191508282896,-0.00016551576428365386,0.0858507776880269
2023-05-23,0.008374011487409256,0.0008758117079892555,0.0027051332188697927,0.004872900523148759,0.1095602411436459
2023-05-24,0.011204896072936527,-0.001833372759351361,-0.0007971381708634705,-0.005682682710652166,0.07425568309074276
2023-05-25,0.0026357737941426723,-0.008683309864017023,-0.007457060286079317,-0.009384168692637855,0.0420396253971358
2023-05-26,0.00897389035025205,0.000452676929638099,0.0055533093819081746,0.002030221377989583,0.0367676716560435
2023-05-29,0.008659052319260728,0.003146731010078731,0.008936876643233496,0.010307845207105067,0.024354374590782005
2023-05-30,0.007981854133598929,0.003928196801167161,0.0024467751665852916,0.005526413458050122,0.010992730242373922
2023-05-31,0.016549170586343358,0.02032608732776409,0.02256971244378124,0.030705319452269744,0.013346069582936318
2023-06-01,0.024421153257388556,0.026070171661564702,0.030473722058675275,0.03417489299301356,0.0020053223658487566
2023-06-02,0.014070743572739646,0.012786296563576901,0.01507789439538932,0.017304050102604933,0.007534470542700656
2023-06-05,0.01021286150409342,0.00828382569408395,0.014197206325325737,0.015153023287579585,-0.00835883644961359
2023-06-06,0.011563480584456016,0.011914464276817673,0.014217740616684271,0.014761133514594495,0.019337634923376732
2023-06-07,0.011471822705222153,0.011181477613247255,0.014732782314092656,0.008359371662423499,0.0017544338845714457
2023-06-08,0.010986179875384411,0.009863367824078886,0.014384831095285657,0.017760000991253112,0.014209561216185444
2023-06-09,0.01027141528849517,0.010443933845021614,0.01619289314824084,0.01646987938727635,0.009391216053269305
2023-06-12,0.004605499412331914,0.0019912814509949373,0.009152171466097932,0.01116625454529845,-0.012955804121048525
2023-06-13,0.011401579147416206,0.012422716259166714,0.01868996596264349,0.02299681943606378,-0.013227028407883343
2023-06-14,0.009058436610583266,0.009785900284518383,0.019145032040973228,0.02236495949354216,-0.010186498113535043
2023-06-15,0.00149291473224659,-0.008591598254839596,-0.0048763615332976405,-0.006553085694666355,-0.02409752895994631
2023-06-16,-0.004325971158680415,-0.01687287485407244,-0.01486286216912813,-0.019061262775908694,-0.04993523011758781
2023-06-19,0.003987296048698524,-0.008975694379353364,-0.0147795243286804,-0.016614115931050385,-0.06057123511833967
2023-06-20,0.0012181728213926405,-0.010558235564427245,-0.018926946872865454,-0.02298348800182821,-0.08122945857443953
2023-06-21,0.009604726832229536,0.0018679264791137446,-0.0034290637470686058,-0.014770241156054026,-0.04304551719038578
2023-06-26,0.018329753951673793,0.010471375784113727,-0.0005543375649086639,-4.093510941221764e-05,-0.026574479688179373
2023-06-27,0.024316001048315466,0.021100386117999078,0.00775571645824823,0.0209117611857038,-0.013928930658500803
2023-06-28,0.024569420294766213,0.01819607346800066,0.007132905054103077,0.01856357101842033,-0.00827475969964542
2023-06-29,0.02534696195207905,0.018617817513761643,0.007776821233232722,0.021811098951377585,-0.014192686947091533
2023-06-30,0.031176516311733824,0.02577131474711571,0.014027623434314237,0.03560181599073511,-0.0011564182538375337
2023-07-03,0.027433358362584474,0.024840524100744842,0.009728085263870935,0.02986044017509757,0.00844956349316386
2023-07-04,0.02177464353231845,0.01978803847780699,0.007991590398231798,0.023676547804616154,-0.008249897494335754
2023-07-05,0.019187790970351642,0.020274229396879426,0.004691129915747591,0.024718930367606518,-0.0042341398701094355
2023-07-06,0.025796669220049376,0.028119554503305576,0.022491840861749286,0.04794083919058559,-0.0003739229971816381
2023-07-07,0.030458907217982445,0.040201019059800114,0.0408899453832629,0.0441402640580466,0.020996922878531856
2023-07-10,0.021850384612624313,0.03088727020523512,0.024827130734939872,0.03132131473669516,0.013886213071071726
2023-07-11,0.01839413127227142,0.018681593353286098,0.02230642299271689,0.012615287972113236,-0.005588025895523346
2023-07-12,0.01803436149130195,0.020854633096046703,0.024773015120161314,0.016939005828589378,0.000503711206129083
2023-07-13,0.009322120168216966,0.00975756542734379,0.013307625011126112,0.003152180901518321,-0.021501735983931528
2023-07-14,-0.00166422715065318,-0.0027300126943796046,-0.006344992722691766,-0.009545162389006533,-0.04410692350749645
2023-07-17,-0.0008385689748092034,-0.007182840992937257,-0.0071853756283517135,-0.00892097192400335,-0.03738287161466759
2023-07-18,-0.001375435758597894,-0.004744446535728274,-0.012772893303493108,-0.01362336355214921,-0.039695699527095334
2023-07-19,-0.008004335392579413,-0.012314866370132968,-0.015263804482843826,-0.019735039024980784,-0.056030311046432635
2023-07-20,0.000648364419183341,-0.004159994578145735,-0.00842153041804052,-0.004090655517664469,-0.029534424740706097
2023-07-21,-0.0027111732867942384,-0.01608811266505325,-0.015876955425233243,-0.027105868823982172,-0.05083103989362162
2023-07-24,-0.006375474865374054,-0.023402499680825348,-0.025321428629921282,-0.031369318615113904,-0.059035925470481435
2023-07-25,-0.01901122249163085,-0.03745354469523093,-0.04405284050880468,-0.05225273421100016,-0.06131781631686793
2023-07-26,-0.0266446049638003,-0.05087577034822914,-0.05765611567100666,-0.06738243065477492,-0.07071750332440821
2023-07-27,-0.025352352311437697,-0.0421392957737952,-0.047787032981244086,-0.05653746963951113,-0.052453873051476585
2023-07-28,-0.04020793969402629,-0.06229793247439641,-0.07145833567456872,-0.0839841953677401,-0.09225371394215287
2023-07-31,-0.03629355704431679,-0.05790760680410487,-0.0680029107354244,-0.08157202273177046,-0.0893377829624363
2023-08-01,-0.029751225408674035,-0.04364052605537574,-0.05000568887601647,-0.054550812312389826,-0.06103403809407884
2023-08-02,-0.02538251545043374,-0.040102508887856825,-0.04374313144281772,-0.0411241176157207,-0.04248413380444159
2023-08-03,-0.03473363768222078,-0.04956029811576874,-0.05572995585876168,-0.05415112509931086,-0.0500463736236806
2023-08-04,-0.032802741400684135,-0.04978284628526934,-0.05901189185391717,-0.050508250874007815,-0.06370942233411177
2023-08-07,-0.01724875267142078,-0.03135129991296114,-0.03860790284648381,-0.03125189534134956,-0.04588544777876501
2023-08-08,-0.019710098372589312,-0.03458079127656442,-0.0403027212448529,-0.03183837712147841,-0.04857497940193163
2023-08-09,-0.018797727220754776,-0.033398802034788434,-0.0369599944926924,-0.03337770149075005,-0.04179905296337665
2023-08-10,-0.027697186132175162,-0.04836927041442972,-0.05522114046502763,-0.04811255781593248,-0.06130966533169796
2023-08-11,-0.018508845527706187,-0.029492112323929818,-0.041595754630204596,-0.04226404994198157,-0.04690138073819393
2023-08-14,-0.009070910712068045,-0.017608589990652505,-0.026507786227790903,-0.02843196297101619,-0.03401855843984612
2023-08-15,-0.008234654507231239,-0.014748650586796468,-0.024540532460658338,-0.02244489616471376,-0.02895843244412837
2023-08-16,-0.006281704740485523,-0.016278072007800126,-0.022961633988999423,-0.025114688307016023,-0.025622260803692218
2023-08-17,-0.004774380348466341,-0.020789430776019226,-0.02981851266703641,-0.032773102400968354,-0.03880013678222741
2023-08-18,-0.0026501989001840496,-0.020267564221448608,-0.011338452188242082,-0.009436298693645002,-0.016824793973513913
2023-08-21,0.004546505623685108,0.00099763596668586,-0.005259425002109189,0.002884663842518888,-0.005591823080852843
2023-08-22,0.0013831708829627229,-0.006213149812665358,-0.012132009897211625,-0.006513820211471691,-0.02983736954633176
2023-08-23,0.009790622715452444,0.008026439825538766,-0.0028047836426489323,-0.0033286508476327165,-0.019036977582643926
2023-08-24,0.0026552627878591796,-0.005115617462521522,-0.021627382581666466,-0.025617601670830815,-0.044751279685830536
2023-08-25,0.013173044455237813,0.013483433091765994,0.0019403182184573632,0.004937951393036256,0.006296637417581248
2023-08-28,0.0013987640104591696,-0.0023922145373669675,-0.011164910695022512,-0.011016818326628855,-0.017798532642192215
2023-08-29,-0.007243801140683364,-0.017703116498900145,-0.037360820234585146,-0.03763701287337076,-0.04506040438738422
2023-08-30,-0.006147217856407474,-0.01452061019244266,-0.035245777140720545,-0.037344252380549586,-0.04504466752971639
2023-08-31,-0.004959876027136846,-0.011845961562105076,-0.029526402644172788,-0.03184479306216571,-0.0387969026492754
2023-09-01,-0.012680842108255253,-0.021922801649934657,-0.03448070489111071,-0.028645951827750434,-0.03579727436484036
2023-09-04,-0.02845335856385687,-0.04308136097478461,-0.05105646881465382,-0.04097672908391167,-0.04682243841889424
2023-09-05,-0.02499221336005023,-0.03668558865037023,-0.042978925759288064,-0.02420831560836484,-0.020655097233713778
2023-09-06,-0.017000419237636177,-0.025490238550396428,-0.03239765739918561,-0.012977630469563519,-0.011361414842991538
2023-09-07,-0.014018738451018786,-0.0259470813448789,-0.024900975659776628,-0.0074204722281545924,-0.006477783696279772
2023-09-08,-0.014320018142250488,-0.028169983946316424,-0.03486567447205131,-0.01967497135244155,-0.019417180150323413
2023-09-11,-0.017121370347464547,-0.030961443277867016,-0.037672381626626485,-0.026287088129271576,-0.0288415641392045
2023-09-12,-0.021629531409199203,-0.03759657469123812,-0.0466286776320791,-0.03844212185067986,-0.04278057645275606
2023-09-13,-0.03200966121036896,-0.05067957044817469,-0.05311697834805802,-0.03889913052090049,-0.03560219158852013
2023-09-14,-0.03886546592833272,-0.05877000520233969,-0.05622456150895346,-0.04296406099600657,-0.04754128930688655
2023-09-15,-0.046533416531033045,-0.0669491586189228,-0.07110780387038924,-0.058843726839350116,-0.06438980154924719
2023-09-18,-0.04226724590512792,-0.06454434611928067,-0.06553856195184546,-0.05676318525835474,-0.05162861021462842
2023-09-19,-0.0391154864604811,-0.057703031468952046,-0.056341873116102385,-0.048995050838633786,-0.03948368692521652
2023-09-20,-0.0358968782801173,-0.053146646897632384,-0.05120733493135419,-0.04181736368729813,-0.03175285072245482
2023-09-21,-0.02327718442058767,-0.0297919000930949,-0.02478772263530334,-0.008210612286674041,-0.0036821461645086045
2023-09-22,-0.03078354254700577,-0.03795434880231088,-0.030209071690519593,-0.008245867378202695,-0.012516710931546271
2023-09-25,-0.027194571944447014,-0.037093809635613005,-0.029083034348237446,-0.015169536541365608,-0.010675613317846038
2023-09-26,-0.023346693379405547,-0.029559339557026283,-0.02574726379296312,-0.013416002180682661,-0.013925740069575768
2023-09-27,-0.026004671733337068,-0.03434398248210894,-0.036211497006892426,-0.02388655103206527,-0.025744849631479123
2023-09-28,-0.02200296146555142,-0.02502538344521584,-0.021617838261203257,-0.010467572449580497,-0.005110717473779659
2023-10-09,-0.017364735622440775,-0.013233990979080592,-0.0017408590750486023,0.013334015265881887,0.028936168533809228
2023-10-10,-0.011073173918450894,-0.0101298299764152,0.0038270340707334764,0.01752250529137401,0.016846648848169884
2023-10-11,-0.01357543600960768,-0.0138122333912243,-0.0028751980088346416,0.007933660405381609,0.009319744233986509
2023-10-12,-0.019445214760863905,-0.021372752434510867,-0.01362534317528232,-0.006633650649593128,0.0007065327140863882
2023-10-13,-0.017921649150771404,-0.017090791465457434,-0.007906667796819797,-0.004559014394531622,0.002047616536075438
2023-10-16,-0.016868944659375947,-0.01028318884080148,0.00778879512416907,0.013749395818616941,0.02797722279790468
2023-10-17,-0.018662068311991183,-0.01170717535176729,0.007610441992118697,0.011574765272149061,0.031356055915561155
2023-10-18,-0.008346597747008954,0.0034901403915057706,0.027495967034075478,0.03332794471100477,0.056841988523306596
2023-10-19,0.003092823064350179,0.0138762909383697,0.03299339393543701,0.031508313370710535,0.05470381740196131
2023-10-20,0.005236583998774619,0.018737812630527432,0.042663529112586154,0.04397501903791183,0.06910655732648814
2023-10-23,0.01712013061347861,0.039171717236571736,0.06427389355900144,0.06890903148365715,0.08438727580093457
2023-10-24,0.014534925292640364,0.0332348052525619,0.05469585081586591,0.056539549597740414,0.06915002650637951
2023-10-25,0.004946710254010511,0.019223264735861254,0.03918781620601304,0.0377877682894543,0.04721459291812829
2023-10-26,0.004553426268318377,0.026504126577022006,0.04044375786074293,0.04115937130762088,0.06855971304883955
2023-10-27,-0.004666403775917325,0.0033611529066758876,0.012192288544475613,0.008734656844043625,0.03457239730595553
2023-10-30,-0.004977412706438654,-0.005318885949480169,-0.004602690029321709,-0.0004907935102506762,0.0020134479311998644
2023-10-31,-0.004179308382352974,0.000709857300435682,0.004109244836478866,0.006660756334160398,0.012110098581188533
2023-11-01,-0.008278168013605636,-0.005056636007129327,-0.002702444071036272,0.00032724268466208966,0.0035610532889192833
2023-11-02,-0.006085817170498546,2.138795202437077e-05,0.005865993509910071,0.003242398140708914,0.007088978742339029
2023-11-03,-0.009988614694980169,-0.008118636603809508,-0.005328426342990241,-0.012602798759299675,-0.002889367100529973
2023-11-06,-0.015812562612333617,-0.02390173237168819,-0.0336992905258905,-0.04044020698793432,-0.04390362420961224
2023-11-07,-0.026511307987977354,-0.038867420600282344,-0.04634871500746342,-0.06032611973575553,-0.06362419172947087
2023-11-08,-0.02471463073371346,-0.033316306500664354,-0.04274170328019719,-0.05299601264632647,-0.05911694865806482
2023-11-09,-0.026264623560376045,-0.036394223649231755,-0.04176369694505466,-0.0590207563092241,-0.05830446927491149
2023-11-10,-0.022160412139863278,-0.03789267942899981,-0.03143833866535753,-0.036413280807068,-0.0454048838776112
2023-11-13,-0.017343216451834204,-0.030863196643880687,-0.025703682473954916,-0.03352668779930572,-0.04722766194584457
2023-11-14,-0.01603810980408065,-0.03112585812263559,-0.02917826037313026,-0.036049638820798445,-0.04730852927777753
2023-11-15,-0.02871882697212475,-0.04980668745441143,-0.04999228986924518,-0.05202967844223341,-0.07165629988869571
2023-11-16,-0.024919024535546123,-0.045250903390247385,-0.040406783214177504,-0.045404993216656364,-0.06085836721451666
2023-11-17,-0.02654794787571328,-0.047450386169509015,-0.046993994275888795,-0.04412033401976248,-0.06060473383491931
2023-11-20,-0.031172212890124337,-0.05541976327925741,-0.0613255405335195,-0.05455397988098028,-0.08035839377950366
2023-11-21,-0.03261677941462575,-0.057028452100699414,-0.05677889538189373,-0.05185330115378064,-0.07446038826742508
2023-11-22,-0.031403424810211314,-0.05203123358017431,-0.05718914303944863,-0.04687669878456993,-0.07048955838722697
2023-11-23,-0.0304332437502312,-0.05072133119488488,-0.058052803944134715,-0.051734638737754586,-0.07028632843924704
2023-11-24,-0.02761614735139009,-0.04629618988733789,-0.04772966845161855,-0.053903235233955384,-0.07480021195980287
2023-11-27,-0.023731503994711484,-0.04016116892927409,-0.04236246085480159,-0.04718173414757351,-0.0700624087098725
2023-11-28,-0.02774646086675378,-0.0501448340827625,-0.04825322303386465,-0.06053720000072408,-0.08035097533486257
2023-11-29,-0.019118825980552506,-0.03558030765285846,-0.0383900566565994,-0.04018759280952838,-0.06469541417429182
2023-11-30,-0.012100556505300508,-0.019161798049525853,-0.021125253453419344,-0.014820313338741484,-0.035758036085572306
2023-12-01,-0.009025604838219545,-0.01643092722225485,-0.014349957447725105,-0.011299269609888972,-0.03656185423645469
2023-12-04,-0.00957997920981467,-0.0166686097951716,-0.012148329563514188,-0.02455327893195392,-0.033902805852652824
2023-12-05,0.002693500071100319,0.0012799051387207996,-0.001558200201906991,-0.00883834464393875,-0.023950510808539507
2023-12-06,0.00014454100878694796,-0.0077430547188284725,-0.014790831973809052,-0.023984881735658468,-0.04378545608345209
2023-12-07,-0.0015120321322339685,-0.013095432485018953,-0.02245333449146482,-0.032041926566846846,-0.05685139890822634
2023-12-08,-0.008219086840470888,-0.02825114206717533,-0.040190113349759915,-0.05692599613206664,-0.0843577172531963
2023-12-11,-0.009903652145752355,-0.03530111593780074,-0.046327475022872586,-0.055622521823064486,-0.08572989483087573
2023-12-12,-0.016133980917910858,-0.040382330607994135,-0.051248096399056246,-0.059862297313113357,-0.09630369862019925
2023-12-13,-0.007045573800469527,-0.02940312381244796,-0.03211079944802783,-0.03158151763138714,-0.05646123970891589
2023-12-14,-0.004557100336976411,-0.023160057333844027,-0.034234384758429603,-0.042376499127659825,-0.07251991495820931
2023-12-15,0.0006018275972578176,-0.023801481124443358,-0.0320959244645712,-0.04976194088823194,-0.07273229424416584
2023-12-18,0.0030342362935550614,-0.01711281348555544,-0.019438983356557055,-0.04338877626194256,-0.06581285484281864
2023-12-19,-0.005750744013725969,-0.03456601276531657,-0.04171947716654934,-0.06934390476612351,-0.1009087707979004
2023-12-20,-0.0014129801037316833,-0.01800975674948885,-0.03034135468548567,-0.04700118948005881,-0.08039180256259601
2023-12-21,-0.003172200084434266,-0.022689355578056434,-0.04706008020662233,-0.05586879441512413,-0.10365144768816173
2023-12-22,-0.019179902839296742,-0.04217479655919881,-0.07043994127075566,-0.08504339304586249,-0.1128086513561386
2023-12-25,-0.014341663086854577,-0.041436931529382916,-0.06375450234191196,-0.0774393137057822,-0.09371840863366854
2023-12-26,0.0029077301332653543,-0.027138245875906335,-0.04352051573967522,-0.06563462789461433,-0.07475895214564911
2023-12-27,0.01669578697037966,-0.009141190434213235,-0.02891822264260352,-0.05450947564360031,-0.059683845000569606
2023-12-28,0.013536617306805138,-0.027977725687222853,-0.06035759267992517,-0.09128169372397701,-0.10851027267205039
2023-12-29,0.01131424496821308,-0.04005929664839736,-0.08448741204288256,-0.11562442356203011,-0.13101504168668
2024-01-02,0.0029562564706492596,-0.049844611487119515,-0.0893953678869707,-0.12683521794800953,-0.1456315104295012
2024-01-03,-0.004333254108915165,-0.0659870229557223,-0.09330381105828894,-0.13781762601251635,-0.16456963892105794
2024-01-04,-0.011031866705474888,-0.06100832089547395,-0.08548540732264727,-0.1242970551070874,-0.14875147313895137
2024-01-05,-0.0073476172213133096,-0.060326876290136854,-0.09276881294823713,-0.13175187547105058,-0.16285301356961696
2024-01-08,0.002732912482089564,-0.04911651883762846,-0.09330602329819253,-0.12039658741288978,-0.15992177103207586
2024-01-09,0.013004527657366424,-0.01700132624853478,-0.054493343162788435,-0.07622349580507076,-0.10805982681398243
2024-01-10,0.025258732529594086,0.006738210860747673,-0.03335713396057353,-0.05227904356478357,-0.08607527611582937
2024-01-11,0.02773551779432236,0.009008145713068108,-0.030016885338355597,-0.0501638970392793,-0.0903077111627773
2024-01-12,0.036089130040434424,0.017893548191662067,-0.01852076469922942,-0.030671081100568143,-0.05399073789416536
2024-01-15,0.03820782230012897,0.02052611105371982,-0.009728359397652245,-0.031232160409309,-0.05162169487079686
2024-01-16,0.04358626197074369,0.030127692770587113,-0.007319246500837756,-0.014852275892364462,-0.03208012942959875
2024-01-17,0.060104717757000915,0.0577715864525025,0.022125308589710884,0.021648307590585905,0.019181568462025404
2024-01-18,0.06163480909459381,0.055239995171685936,0.018915829484827944,0.01341194940252692,0.014089500432452282
2024-01-19,0.051671551984145234,0.05051994609456929,0.023365602090559854,0.01933995652499335,0.031030225845603953
2024-01-22,0.0622470151886754,0.08599615407267804,0.07147565434094223,0.08048421826094782,0.1011825878538095
2024-01-23,0.0569740322947359,0.06914016277483102,0.04457184399755526,0.03792599893491716,0.04112844154084728
2024-01-24,0.047909188043466645,0.06997739590077705,0.06407322038638547,0.06359331804288071,0.059824830327133253
2024-01-25,0.033551857980247714,0.052245097776354624,0.05247595778032834,0.04832994046426826,0.04853927369228355
2024-01-26,0.03382557695377094,0.05853238290922376,0.06579124400312364,0.06708393897841522,0.07927260543018988
2024-01-29,0.041815473068335836,0.06737857323747579,0.07974142153777321,0.09041247173999734,0.08290078070967577
2024-01-30,0.04807518875273602,0.08332760420339164,0.10130406597745534,0.12096240057064973,0.1167129388204431
2024-01-31,0.05423784551348751,0.08635481839480261,0.10757466978683551,0.13471225188797323,0.12465357100895144
2024-02-01,0.06436732788618511,0.09751375810187744,0.11679827245525672,0.141111417760494,0.13413224387459372
2024-02-02,0.06535179545315871,0.11451163663955123,0.156388944338048,0.19548133359809075,0.19413025728038802
2024-02-05,0.05787771634888976,0.11923555500665475,0.1744704882574781,0.21182183764172585,0.2469174336801293
2024-02-06,0.0405227445334476,0.07976413564308464,0.11440174103895788,0.14320787024136764,0.17748648289477076
2024-02-07,0.03445896567551144,0.06291884253596443,0.08675448762594673,0.10886278827041294,0.14819334298812875
2024-02-08,0.0317498866437313,0.058411019680810417,0.07278758584897049,0.09707529519828031,0.12238983587571341
2024-02-19,0.026035732915678973,0.05430749388067184,0.07741358758065213,0.1047782387429902,0.11941044503971178
2024-02-20,0.01917719185859062,0.046844331224411395,0.06928490651576061,0.09672935302639522,0.10591234085823859
2024-02-21,0.01488236793121835,0.037945581321025136,0.06103537814785679,0.0886238909046153,0.10146693290804094
2024-02-22,0.011115429412844921,0.03112095069410052,0.05436277550015878,0.07636280499758986,0.08904202705494817
2024-02-23,0.0042892574716064035,0.017798944809859416,0.035676361212663446,0.05562201023169478,0.05823651897255093
2024-02-26,0.012117244197269438,0.01989422044171961,0.029159179240478495,0.03861700002166391,0.03337140879571169
2024-02-27,0.010999706253524515,0.01260812413866408,0.018424241158205883,0.010914417630277617,0.0017979338546576565
2024-02-28,0.012233392704780344,0.011889469496599489,0.014691553370494766,0.014325087118455532,0.008055666907910692
2024-02-29,0.007601300343868676,0.0030449222313136703,-0.0008648939071061314,-0.0024726981794041757,-0.0072307862358883136
2024-03-01,0.008686061989838331,0.007157116376549623,0.0011538585600089802,-0.012074194629171689,-0.01637488314015624
2024-03-04,0.01321411735586557,0.017652217296006346,0.015890177325157264,0.008324778604052554,-0.0016757155235181704
2024-03-05,0.0071259561327037275,0.014512916354248942,0.022072814872600387,0.005691114703072176,0.003853275098919352
2024-03-06,0.00792549014493157,0.015530354848412717,0.015081922506041,-0.00196516295156122,-0.011040016162292556
2024-03-07,0.007626143802586603,0.01260736449688598,0.01597874863795837,0.0008211217035801616,-0.006186041287370011
2024-03-08,0.0031704015386688953,0.004612228141788017,0.012606923253765417,0.0007793352465589003,-0.010615251204117148
2024-03-11,-0.000765054584062966,-0.004995343999606112,-0.014818952688513973,-0.03610124756214941,-0.04267039491407952
2024-03-12,-0.0027917862733569995,-0.00025401784594629965,-0.017695694529117498,-0.045589258284945325,-0.05606752234763914
2024-03-13,0.0006877826776926796,-0.004265375312845159,-0.023661281456256313,-0.04976454184317081,-0.06527147529500034
2024-03-14,0.010388416666396115,0.010326188823178204,-0.010219642222272896,-0.03805587783947557,-0.0625596276038642
2024-03-15,0.0029436819545551464,-0.003077080889341248,-0.029585270749314947,-0.06686804068183586,-0.09940018045895203
2024-03-18,0.006979918118346785,0.00295480056094844,-0.02662299774524758,-0.0616490552445319,-0.08949894042787448
2024-03-19,0.015078436985815088,0.008605474947232093,-0.016356741318235737,-0.05434774042967813,-0.0815254125152364
2024-03-20,0.009601931106390474,0.0012077234525561219,-0.02569344908369141,-0.0712745240352428,-0.1049358600679416
2024-03-21,0.0022940161681967433,-0.003963966929757371,-0.03032990674956981,-0.06745814374374887,-0.1020506818589554
2024-03-22,0.003684719447323749,0.0016375811860142718,-0.024913360113138792,-0.050852268256927256,-0.08621866672474514
2024-03-25,0.01057318370581224,0.014527052966079793,-0.004954875837489497,-0.02521908692285571,-0.053001638616603834
2024-03-26,0.013796781557735557,0.013180782216935406,-0.007993198440374166,-0.030624623839255523,-0.050420427152190285
2024-03-27,0.0245073868555633,0.031580089659465245,0.031560493654881956,0.020768893302713812,0.004450806381931602
2024-03-28,0.025871113960117664,0.03728821175150246,0.03967097375689115,0.03276892859563531,0.010393671969026628
2024-03-29,0.02104471502759335,0.028700595328661385,0.022419415580879155,0.01899778157360341,-0.0015021317093324312
2024-04-01,0.021721864666543918,0.033186286756971696,0.025960740201926333,0.029066834798879483,-0.0059662126732673805
2024-04-02,0.023198762878377563,0.0341699616118857,0.02508819276530069,0.026840983603252804,0.007953442932053262
2024-04-03,0.020622237052232227,0.02923612599690519,0.019591873235692215,0.01891987709641581,0.005551370678648191
2024-04-08,0.027977274890307317,0.04544873870394309,0.04173589364210064,0.05219339528954518,0.04163325187048553
2024-04-09,0.03351106698919602,0.0537428800322417,0.03560966271512135,0.03799712742869839,0.020498280260204827
2024-04-10,0.035942844315513256,0.058565333375681684,0.038577397723428344,0.049216053998322615,0.032132341883649315
2024-04-11,0.03545086075797318,0.05179142400622008,0.03941233045204821,0.051952515589627275,0.03786555107321405
2024-04-12,0.03016116200765886,0.05004213961621971,0.04356342797036594,0.054661089738002176,0.03202530521810797
2024-04-15,0.024564550920826697,0.040893922585759086,0.037011869167290205,0.056145053969997416,0.03815704240672835
2024-04-16,0.03804579059178527,0.06897247542938656,0.06365076924450364,0.09565387187432633,0.08151854828346058
2024-04-17,0.03354780750536176,0.06175415796456664,0.05555355720926836,0.08110646807235783,0.05492569407361292
2024-04-18,0.0262860219389368,0.0536036670445856,0.04449330472558368,0.0641947729503893,0.04295419833816037
2024-04-19,0.02957633823402621,0.05740607910614775,0.061905862978860984,0.08804682829826119,0.07129349605979964
2024-04-22,0.02694451177279076,0.04937878458797059,0.043804190224343904,0.06387325854439194,0.04778267774038745
2024-04-23,0.02929774282410507,0.0456907784121889,0.03473061032616104,0.04317689604176758,0.023330842791723466
2024-04-24,0.03747790777254426,0.04356614864185467,0.039375222147086254,0.03654952487988054,0.016041341784981383
2024-04-25,0.03013662891066551,0.03762592619764718,0.032057819997519235,0.030185093805319235,0.009362212604840032
2024-04-26,0.01915192839057126,0.02576619174864913,0.009521389847075144,-0.0004291123322791132,-0.012248638397270695
2024-04-29,0.00903417774072571,0.00685755815053559,-0.011249605601391465,-0.02402200007749606,-0.03629342408359603
2024-04-30,0.008234243964806267,0.007063417572682049,-0.0065829579843931845,-0.016777679492751454,-0.02123008017012262
2024-05-06,-0.0025417283201562297,-0.006669624988538105,-0.02619416850087765,-0.03727271502812642,-0.04577196790932095
2024-05-07,0.004211516652748225,-7.214169255750142e-05,-0.015937286464446237,-0.028788416100323608,-0.03415626818708887
2024-05-08,0.0029090736206063917,4.892491594484997e-05,-0.01204669257858714,-0.017019522402662128,-0.024986929599577504
2024-05-09,-0.004119647815447097,-0.009314296984327041,-0.030399835677115405,-0.03856288363759812,-0.04847407098906002
2024-05-10,-0.008251311303188718,-0.017724716960544652,-0.032742582354486564,-0.04314029210397187,-0.04611801541215785
2024-05-13,-0.01949416145341558,-0.025999946003173773,-0.03171593529017027,-0.033305950008915765,-0.032581862940884665
2024-05-14,-0.014734629733855488,-0.02345720752569192,-0.03628769678276916,-0.03417107805669465,-0.03192259696196541
2024-05-15,-0.015823889848014583,-0.020720413091071494,-0.029347710247225045,-0.025224567840505044,-0.021792987571271162
2024-05-16,-0.015749327692885444,-0.02383841894677149,-0.0286976981412316,-0.023916654215265495,-0.023514347835479517
2024-05-17,-0.02752074281214054,-0.035966674539155065,-0.03422873079290736,-0.029250421157424464,-0.03305109662934368
2024-05-20,-0.02870527354820762,-0.03922991567868772,-0.03648996931693904,-0.03363635027813389,-0.0350160572096776
2024-05-21,-0.0248762504668593,-0.03207589819390658,-0.03237383252172352,-0.020669195859256022,-0.029958854134009567
2024-05-22,-0.029030405486373492,-0.03835588921882995,-0.04591971677969949,-0.03501671444402478,-0.050121219638118455
2024-05-23,-0.023966789802005267,-0.027744093898539934,-0.03446086117548433,-0.02028400744660527,-0.03397309028652304
2024-05-24,-0.021334642356360914,-0.032744414473000354,-0.036915292314543796,-0.022218963510480885,-0.03375420837998131
2024-05-27,-0.030112539172323084,-0.04449108559892751,-0.051484304207174196,-0.04313478316254587,-0.05566099275677897
2024-05-28,-0.022952700414274503,-0.034429306104958125,-0.03371385123976727,-0.01686521896419015,-0.024120652253618008
2024-05-29,-0.027289322606050298,-0.04317756110977347,-0.0416669059965697,-0.03400700261472083,-0.04629714725203883
2024-05-30,-0.019175960152632256,-0.030401639019502855,-0.035737368400218635,-0.030422062582466745,-0.044132917233589336
2024-05-31,-0.013492606693911575,-0.022122836543308835,-0.032043558154872934,-0.029695054997011878,-0.04240512644439443
2024-06-03,-0.012379229413364745,-0.026244189821731937,-0.039895968000735055,-0.04049524863683011,-0.04873422612563131
2024-06-04,-0.020746424234789295,-0.037111309622076136,-0.04784110471625723,-0.04836146258220527,-0.052884204650976055
2024-06-05,-0.018369898445772987,-0.035132256091363306,-0.04949852246318466,-0.05286189525973024,-0.060298962681599656
2024-06-06,-0.026230012344616013,-0.03818194341804857,-0.037103517185757454,-0.0445131108507491,-0.04709320280546279
2024-06-07,-0.030982020583645468,-0.04595757036212406,-0.04357543460283672,-0.053149195969075615,-0.061321351334265306
2024-06-11,-0.01849342656464135,-0.03178301787375537,-0.030886055312217837,-0.032175628337878605,-0.0509261858282864
2024-06-12,-0.01900757519061907,-0.04081491447817989,-0.03347303746213853,-0.030474668295042237,-0.05932217917111333
2024-06-13,-0.004169731987792124,-0.021540503216273103,-0.01654147863537186,-0.023083916667173496,-0.03314147131197276
2024-06-14,-0.005228854709228987,-0.0237664692740786,-0.020185783573887166,-0.026233228275598573,-0.03199212218858023
2024-06-17,-0.0009593726935064298,-0.02189288359405828,-0.025041220663893027,-0.04050991869447744,-0.032275323035767446
2024-06-18,-0.002924208444282832,-0.01993408905937125,-0.023912368692884507,-0.03409744143371322,-0.029869951904838186
2024-06-19,0.004268355053243621,-0.019986753541219957,-0.022980670554790222,-0.03383475243971205,-0.033357033698137736
2024-06-20,0.01257293120561922,-0.00600669358587803,-0.009335272552695818,-0.019446681220720092,-0.02726796092671529
2024-06-21,0.014654148668278003,-0.0023314198024854405,-0.007919415967024586,-0.017754431583532283,-0.028050378559703555
2024-06-24,0.013647664779075063,0.002474867902486218,0.002133487717299172,0.006415152855582983,-0.0007082417951949234
2024-06-25,0.003837663749115138,-0.01146690345420164,-0.013146834391379427,-0.013218486256758937,-0.014565043642536425
2024-06-26,-0.0034120184264933525,-0.02761920608445069,-0.032501107227326506,-0.046101918731038145,-0.053973634130371144
2024-06-27,-0.005499031815786509,-0.020477041945389303,-0.029051937024800387,-0.03237364641873683,-0.04023351611341521
2024-06-28,-0.008726236086295913,-0.01929758923877771,-0.02457460109887259,-0.022882106551592556,-0.028215972435290337
2024-07-01,-0.010323673818542526,-0.028732528032509735,-0.029032555559338754,-0.035611914453599104,-0.034595821294033054
2024-07-02,-0.01639599157040477,-0.03363515807168593,-0.028002171984374824,-0.027749909024232557,-0.0332440836343683
2024-07-03,-0.003964459463987806,-0.007603923963822994,-0.0019846167186644173,0.006088072603707463,0.001435924782177964
2024-07-04,-0.003743124761424414,-0.008876487897018375,-0.002249654071058099,0.013495790386233232,0.009972256294620346
2024-07-05,-0.012311632749626548,-0.01741454788971792,-0.018868017839298843,-0.003029696344745967,-0.018024479899675382
2024-07-08,-0.025255246745494387,-0.02471420407696922,-0.02931816439911047,-0.005521035424669812,-0.02183780181136539
2024-07-09,-0.03252442160795731,-0.03231530014710857,-0.034054602575363364,-0.012876934858161484,-0.023832473137517407
2024-07-10,-0.02531766325506514,-0.022932258336487918,-0.031225350427955656,-0.01815777991923485,-0.018828894578663425
2024-07-11,-0.03173893900048332,-0.03926787359297754,-0.04334469898690452,-0.04055488102042201,-0.04114641898470699
2024-07-12,-0.02944166564827461,-0.03973220244159569,-0.048193838503197986,-0.046382261095496806,-0.04642958168832038
2024-07-15,-0.0328839404425037,-0.03851211990209453,-0.045974828265927005,-0.04336885509029224,-0.03883315868298193
2024-07-16,-0.03413467434789512,-0.038999529255392545,-0.049560768201790055,-0.047364310653596205,-0.039458816165007876
2024-07-17,-0.038555235060557774,-0.0442346451595327,-0.05420048178425719,-0.053432040397638686,-0.04870037773646365
2024-07-18,-0.0348606053867799,-0.041706083603761775,-0.053542076192045776,-0.05098881526408695,-0.03848806703438781
2024-07-19,-0.03359632121424968,-0.045772620116006295,-0.04393497222495671,-0.04997503942755959,-0.03408430393326127
2024-07-22,-0.027003364888685922,-0.038448357790428205,-0.04566216400427279,-0.045799864342300725,-0.03726670825632583
2024-07-23,-0.017103778232722584,-0.02588423412803972,-0.03104850484144279,-0.03488302600958969,-0.03098569611122109
2024-07-24,-0.016113219814924085,-0.022249858463575883,-0.023945399843266574,-0.025868619287394763,-0.018582529574365805
2024-07-25,-0.0123575202084193,-0.02044147572487119,-0.018324098954672425,-0.026860598580100564,-0.02421123142646955
2024-07-26,-0.010399204486770763,-0.019964211320624068,-0.02878115065764171,-0.0414828615155707,-0.03582969612366692
2024-07-29,-0.009777060030148213,-0.01758677247512556,-0.02336119799672847,-0.03200859407519551,-0.0313885757091314
2024-07-30,-0.006376562873505729,-0.012827472138629213,-0.025088418616585475,-0.02962690290912436,-0.039068517864133095
2024-07-31,-0.023523225893318667,-0.036260352427498865,-0.055518811255359776,-0.06091865256894099,-0.07507576573889876
2024-08-01,-0.026311940849910377,-0.03243050792243314,-0.04321179596302218,-0.05058925471397902,-0.05945086904997741
2024-08-02,-0.013645884087650485,-0.012413354560745308,-0.012758334548745401,-0.010608327190909704,-0.013682256304936467
2024-08-05,-0.014331920919758665,-0.01901543219278717,-0.014567476245741236,-0.008264621264637461,0.006059230842581038
2024-08-06,-0.014045602638155158,-0.015699910209613865,-0.017309150070676196,-0.0108769923271612,-0.0034638170919889595
2024-08-07,-0.019058242612734873,-0.023946454032344508,-0.02221391089786558,-0.01925800380273631,-0.019403600668213977
2024-08-08,-0.019046157647522537,-0.022807452371829396,-0.01927068653125126,-0.015304625396646123,-0.009361569485802825
2024-08-09,-0.02209752982184575,-0.029264351909002808,-0.02644832435600304,-0.022847486508456537,-0.02642279511611515
2024-08-12,-0.03035479724431857,-0.03617003788254812,-0.0312617181514742,-0.030855058901064714,-0.0294075925756418
2024-08-13,-0.03233192131678934,-0.0391926434249376,-0.03300476234722281,-0.0294205188987381,-0.0286873457464006
2024-08-14,-0.035558564198625534,-0.0329250924451621,-0.01860194364385306,-0.016475615003140574,-0.024748860232013316
2024-08-15,-0.041986576702365906,-0.04273085348301307,-0.024675191687069855,-0.025576767868362386,-0.030803896823302056
2024-08-16,-0.045513109091306986,-0.04560589241759141,-0.02927653584202329,-0.03539628283728725,-0.040401510453319314
2024-08-19,-0.0456990241158646,-0.04515781169232111,-0.032618483676351985,-0.03123810187834692,-0.04057964424645395
2024-08-20,-0.03500757623078308,-0.025379749425169705,-0.009128608342684402,-0.010113085599298851,-0.017206879499005238
2024-08-21,-0.03074159738452914,-0.022767303065089638,-0.007498000960971546,-0.003842169733266334,-0.014646537069786901
2024-08-22,-0.0254836898022841,-0.016873269726202567,0.00196931052169324,0.002897566333632447,-0.010770186883551988
2024-08-23,0.002963843817909379,0.017433459010832132,0.04104663816963171,0.04432101413234125,0.017589639139817807
2024-08-26,0.01563027330246214,0.027987974260583845,0.04808528286913876,0.04831061748589369,0.02011714380520839
2024-08-27,0.04795030502991262,0.07378300538175663,0.09717269082902084,0.09897509777842163,0.06849846409907727
2024-08-28,0.07495304356840464,0.12371442891045138,0.17470113710493304,0.16867555964919737,0.12214240952933686
2024-08-29,0.16242183362562623,0.2226565009506858,0.2784707018330354,0.2594747357954207,0.21344595684148585
2024-08-30,0.20242497695627398,0.29102345377043615,0.34269943624759547,0.32193620730199674,0.2763240006322046
2024-09-02,0.13380120917937402,0.21185677712352874,0.248009496065006,0.2788774949374283,0.2796340982796425
2024-09-03,0.14874015993214235,0.21197218548451344,0.23954255963600715,0.2672647170913024,0.24269293133142356
2024-09-04,0.12533491216816128,0.19069066138268267,0.20166854958536604,0.21990222900249304,0.2114030945307967
2024-09-05,0.14209308800122863,0.21070282582249875,0.22192572360694643,0.24065900564789947,0.24033672113216942
2024-09-06,0.1264513334989286,0.18875509171700058,0.20120894446455004,0.22538164352052573,0.23484123790126388
2024-09-09,0.13766265902447747,0.19091705799804828,0.2055527113388882,0.22155300174215953,0.23091820970185584
2024-09-10,0.12670668515779313,0.18209567316506262,0.19261925609251987,0.21299358736923232,0.22124427877562056
2024-09-11,0.16128468977851776,0.22010094522269263,0.24028183206382575,0.2675601255687512,0.2878351826918389
2024-09-12,0.16141147824697014,0.22273702576193666,0.25186518579691664,0.27813519287177313,0.30071326172028545
2024-09-13,0.17026773962635341,0.2305160072356435,0.26398168829936325,0.2844676495105449,0.31172857958003775
2024-09-18,0.16941288510370445,0.22917145503874972,0.2755692282722335,0.2909508473495371,0.30318981887700497
2024-09-19,0.15576087797149654,0.2187114390451291,0.2360698559862553,0.27006172928585326,0.25363009349529064
2024-09-20,0.16486047270271892,0.2310100775233636,0.2647429084588964,0.2781056427339057,0.2684423801331937
2024-09-23,0.15931857825270146,0.2398656866694223,0.26643924849389583,0.2797874154415343,0.2861976271064717
2024-09-24,0.1141366047302282,0.17847533693009596,0.2039829243121591,0.21944561476004168,0.24041401932474107
2024-09-25,0.09725913496280915,0.15437468258276676,0.18106280679918535,0.20587288188166503,0.227909325764343
2024-09-26,0.06374521183546408,0.11427308146868984,0.13471868768868644,0.1513889611780164,0.21189951541004837
2024-09-27,0.039513314264116084,0.05702210240058869,0.06643444242457809,0.07854654566246086,0.12445274611906622
2024-09-30,-0.017062398431832375,-0.015623844615848176,-0.021192786724893352,9.831162435330812e-05,0.055348647186713645
2024-10-08,-0.04050815265901473,-0.04810004441392813,-0.06505003319055605,-0.0332194121218708,0.015867980348790372
2024-10-09,0.02353661661631535,0.01957036598254584,0.017708276888153136,0.03643003462600453,0.035914709700779146
2024-10-10,0.03548365204175348,0.04910239989037983,0.03184772679226864,0.060230742201194995,0.06745094610139821
2024-10-11,0.035289124640645965,0.08543139243873456,0.07832133056576387,0.09039194528301044,0.10865562710487212
2024-10-14,0.023592816214894768,0.07234726732757508,0.077931460494413,0.07630794319296524,0.107590719660972
2024-10-15,0.034022503133219834,0.08846656644534123,0.08537319898977487,0.08963715069655705,0.12413361150259077
2024-10-16,0.034575026497758544,0.09588973784387193,0.09457494343323847,0.09978753211647594,0.14173101766733512
2024-10-17,0.02569905022432483,0.07532914746563288,0.07567750631002729,0.08495507646431479,0.11524207860690427
2024-10-18,-0.0012855925621898085,0.014914133401518068,0.013581667379964392,0.02669824535867967,0.032710183089463656
2024-10-21,-0.00371649838490997,-0.0013772423867749759,0.0014210918094128481,0.007199321132915519,0.0034531924220919793
2024-10-22,0.001974329871804187,0.008903353126325023,0.007219123674170012,0.013518117234740916,0.020552729938160784
2024-10-23,0.003864625359476186,0.012219942335861027,0.011653336848425695,0.01599812516146536,0.02941402512442572
2024-10-24,0.009105036044763598,0.020954309526462225,0.023657884896223384,0.028902883415482847,0.04011498573778456
2024-10-25,-0.004744377685106777,-0.015348784567093175,-0.020286233883452118,-0.017757762063841866,-0.014297814922059466
2024-10-28,-0.0057487504715484335,-0.02602221086334247,-0.031061242035431497,-0.026458325393988284,-0.018775753105140826
2024-10-29,-0.005925393395530954,-0.024783299513293475,-0.025172177166357362,-0.019508014967047682,-0.008780343994489492
2024-10-30,0.007649912467976594,0.0009019117068318393,0.001009301199222351,0.002240169496007929,0.02009923491943437
2024-10-31,0.007367831447227876,-0.011546214024999803,-0.009996805800840681,-0.008165537449729178,0.0033715335224273483
2024-11-01,0.0113206489339933,0.008029004710043952,0.017545427213975406,0.008934098077431384,0.035181633898567065
2024-11-04,0.011648214497005267,0.004469718431291248,0.013800386489922545,0.007716810947583097,0.03187812602305301
2024-11-05,0.00923260283244695,-0.02151125546654873,-0.014853195079136867,-0.017914914648767374,-0.006967419386465444
2024-11-06,0.004544133959621894,-0.02003925174447474,-0.02211869996828686,-0.023746771099997403,-0.020085571076816924
2024-11-07,-0.009221830984451361,-0.045601037861475735,-0.04553122431040844,-0.04363073107485796,-0.040040144453516696
2024-11-08,-0.002471326620070587,-0.02894177868505736,-0.028511652413917402,-0.027007988797368192,-0.019840974713791978
2024-11-11,-0.002004371949670236,-0.04264503009338646,-0.04097612781790915,-0.041738235633544195,-0.04817245429013985
2024-11-12,0.00867793768764088,-0.01810049975061163,-0.022041632025435322,-0.023154273699417742,-0.02999300016976816
2024-11-13,0.010806135119404581,-0.023324892941039215,-0.021060729171223515,-0.02204516337381023,-0.03300219630990444
2024-11-14,0.027827504429764477,0.012085210842511062,0.008093444619421247,0.009864523405214102,0.0022323038196564726
2024-11-15,0.024228947655703284,0.007521113817523703,0.006253321190472642,0.004844118462589259,0.005980532371984678
2024-11-18,0.023539468427012114,0.004661813222881012,0.004813190774268745,0.0048786706367458695,0.017993775528969063
2024-11-19,0.02070047889506834,-0.004022084801269756,-0.01141632986741909,-0.014876456142821258,-0.014280656375029024
2024-11-20,0.023081289476170167,-0.0029668484995701515,-0.01368379071996377,-0.01624328080314198,-0.020257352164891936
2024-11-21,0.014528254349311627,0.0008035633757965954,-0.010480110085313745,-0.013919055337537256,-0.016323741986371144
2024-11-22,0.019351372708177113,0.02948513507051776,0.021803638231853308,0.021528234162411775,0.022274791687821722
2024-11-25,0.027873210124268355,0.032391969178765474,0.01834765659785308,0.016453681082610114,0.0036315499706700807
2024-11-26,0.034277834394551114,0.04806455221953756,0.03443070992151572,0.03296223704833345,0.024603187233406446
2024-11-27,0.031159094933240608,0.03154088383709558,0.012812272020225042,0.009103070633541354,-0.008857228269785682
2024-11-28,0.03460351232999644,0.04529076400974489,0.02771124489293448,0.022561695369007727,0.007923920282087148
2024-11-29,0.028684154415832788,0.029725489967220565,0.012501320417886545,0.006599311553449121,-0.012734655197943454
2024-12-02,0.02417495195960777,0.021035439935762665,0.0024378989338871165,-0.004887693737110139,-0.026397101239093196
2024-12-03,0.01184500329668767,0.005994527660751408,-0.01637032563344732,-0.02067103056745559,-0.048433581163821064
2024-12-04,-0.0006258582810684932,-0.013849947454071856,-0.03639441064281628,-0.046048887976736556,-0.06359330353571127
2024-12-05,-0.0059466576028099315,-0.016465206236272758,-0.043386798108174224,-0.0615631637166556,-0.09326374135913526
2024-12-06,-0.009546325197508705,-0.034571555194834284,-0.05152142107661,-0.07141805576216424,-0.11164288802839537
2024-12-09,-0.010874947163565287,-0.032677807005014145,-0.049332059483890585,-0.06337953858758759,-0.0869267752043282
2024-12-10,-0.013835507533932605,-0.03662276725149566,-0.0673451842675819,-0.07498954928537695,-0.10059639509197983
2024-12-11,-0.013761499669227774,-0.040944073680466535,-0.06786807349429161,-0.06986942901556589,-0.10010208483100666
2024-12-12,-0.031666388246202916,-0.060651108519534876,-0.08800585335930716,-0.09792721115624366,-0.12184485124745091
2024-12-13,-0.02150263623286808,-0.04956552990220794,-0.06978740410876223,-0.07770926706070493,-0.10575763028479616
2024-12-16,-0.015478127368462324,-0.02310327868243801,-0.031089934077794142,-0.03320242065073116,-0.04747513120845226
2024-12-17,-0.013940175519260023,-0.022742712174419328,-0.03766715092793633,-0.038645937802147264,-0.04487287317021036
2024-12-18,-0.0101743656116935,-0.02665064969709879,-0.03691736271449881,-0.04256878742721303,-0.054059103719935754
2024-12-19,-0.0073027134759712144,-0.020922702820289896,-0.02752165093712791,-0.04207987115367051,-0.05669535471277356
2024-12-20,0.0025726505767371764,-0.011358509365210897,-0.01695631675170629,-0.031877144424461754,-0.05466192329888385
2024-12-23,-0.0042724903455199055,-0.015216435017672152,-0.013155946282076498,-0.017824877353504895,-0.026090264559362215
2024-12-24,-0.021322801421791323,-0.03637441747132654,-0.034136196117387524,-0.03137486425916266,-0.04526530417689774
2024-12-25,-0.018141982470661434,-0.035321214791860886,-0.03777470634088064,-0.027412125377452492,-0.039534639083485645
2024-12-26,-0.017391367425162105,-0.03097980989293893,-0.028631282594906524,-0.024500503673590645,-0.038105794251763615
2024-12-27,-0.011109411969588973,-0.025991729481073603,-0.02598548699229178,-0.029668236725680735,-0.04954741304668041
2024-12-30,-0.02112930607449661,-0.030620790401159382,-0.022701508491956644,-0.018154152307202426,-0.031738189126321995
2024-12-31,-0.011229985631156831,-0.01314949118452628,0.007383502272867383,0.02879621949288493,0.030755303305501306
2025-01-02,0.011049183496466072,0.020267603721294315,0.043703827912453586,0.07041069006684597,0.08872235217705636
2025-01-03,0.014791483825325776,0.03577887175952276,0.05840804961759221,0.09548851270634957,0.1320433393089629
2025-01-06,0.014745579764423424,0.028425649200529368,0.05444302589459491,0.08703204899493996,0.12808999784347463
2025-01-07,0.01617239567288573,0.03908776730491885,0.06289471112528236,0.09241191753796187,0.1298799133340373
2025-01-08,0.023131877928917483,0.039523921199958185,0.07576580126358415,0.08068312982411183,0.12022857959046171
2025-01-09,0.026565675738262004,0.048647212618791374,0.08664054442257506,0.08831551857283035,0.1307379547956587
2025-01-10,0.03723193014464557,0.07030210671644384,0.10058994269696314,0.11013344121788683,0.16271507719847583
2025-01-13,0.047466714488802665,0.06182212483137806,0.09315308724797011,0.10789991706174407,0.13895974322976654
2025-01-14,0.03647387497203773,0.03855778732983341,0.0814250787825775,0.0928585003973935,0.1082079284217278
2025-01-15,0.032014319213268416,0.04174611904350988,0.08343811405446337,0.10306303693495815,0.11620448289974163
2025-01-16,0.026880870735916367,0.0455349190752387,0.09982841491758537,0.13444737733008902,0.14754068391230524
2025-01-17,0.02578382899919857,0.041159722478245495,0.09540812902900513,0.1176694905390503,0.1416364896234
2025-01-20,0.023986344263394545,0.03157404421893354,0.05999489074271635,0.08423720040779477,0.11976054738968288
2025-01-21,0.03297150671665409,0.05101482908037438,0.06804298406580865,0.09930134711371208,0.12409007599684334
2025-01-22,0.03217049548779344,0.06472416192840451,0.07492037179928805,0.1149399842623413,0.1249916289667138
2025-01-23,0.021393640259062447,0.04225180816906565,0.047553981177722804,0.07566232303550091,0.0764339819896126
2025-01-24,0.015579944283173532,0.03529470149408661,0.04325285468074428,0.07084882486009009,0.06457775469258453
2025-01-27,0.012424189134658137,0.03521070560074075,0.043694533299880246,0.0831787051121813,0.08279683254828599
2025-02-05,0.023846099402020145,0.03736208533595604,0.050449183019545124,0.07797154564507897,0.07147693295384212
2025-02-06,0.025339439559769777,0.03605510117052437,0.048949795348313736,0.07918375715340346,0.06712611204291842
2025-02-07,0.021154586213879296,0.023280580835408734,0.03266952620114904,0.05316993811260274,0.03939974074898736
2025-02-10,0.01642544486872302,0.015069432522144334,0.02244085145789051,0.04043849506900477,0.0232859979649658
2025-02-11,0.01538235368100898,0.02033816738723124,0.027943912303319086,0.04611071629603682,0.02760323659176008
2025-02-12,0.007697414782400094,0.016806456776767006,0.016372536320258424,0.02927777880001468,0.011012393460137175
2025-02-13,0.007095802046445239,0.013928122865550606,0.013432931688825943,0.022735144553451846,0.0047153646553049966
2025-02-14,0.017892546223927008,0.026905403153045376,0.023904838544528368,0.03401310096416599,0.01562940875313433
2025-02-17,0.019394686570086545,0.021588847196269096,0.020841686898577128,0.027529912938174552,0.005968700271651612
2025-02-18,0.02870786076052329,0.03470135435778507,0.038292307725038194,0.037669189337027,0.03195701851887595
2025-02-19,0.03158181893099835,0.02946012800218009,0.028109208501139887,0.012590299043951059,-0.00048051061349352044
2025-02-20,0.02789224544157356,0.026233600352495213,0.020663876348825234,0.010119030713359158,-0.008040341535639631
2025-02-21,0.010030992317703206,0.003018370920740735,-0.006595644879469982,-0.03529214538716374,-0.05589524087518923
2025-02-24,0.012569761300401688,0.007199980527341082,-0.005300018629123265,-0.028090324827072532,-0.056337483367836394
2025-02-25,0.019751461202890737,0.02084058048102794,0.003194606268161881,-0.02454600858166433,-0.053887398018839204
2025-02-26,0.00984484765939496,0.00615434284934432,-0.008988791831247246,-0.03911425526765191,-0.06587449843727586
2025-02-27,0.010344405069005537,0.007865513821044704,-0.004912217933645948,-0.03518411895669643,-0.05362021530629604
2025-02-28,0.016080868812100576,0.017386192521446457,0.016898316088036214,-0.006345931536210308,-0.014761467456279957
2025-03-03,0.010661337857712852,0.00711066986951526,-0.0019032957297458791,-0.02278160679928569,-0.021725759819001846
2025-03-04,0.019091376271064015,0.012690799907827432,0.014368695373523623,-0.022062561441660473,-0.03535189364820321
2025-03-05,0.014982503973560582,0.00888688911017906,0.008300963906903384,-0.0291936221986092,-0.043878383279960256
2025-03-06,0.009955144956911924,-0.005409806402310329,-0.021949588612809105,-0.05594177401675101,-0.09077442497216467
2025-03-07,-0.047720197404225145,-0.0849212604990791,-0.09705792121744848,-0.14527236133679336,-0.17271193953492348
2025-03-10,-0.03327799122242933,-0.061877904479923376,-0.09557246227663015,-0.1399814130934538,-0.18135604612388262
2025-03-11,-0.029424562595389538,-0.05866156823493762,-0.08536311277358855,-0.12870994043825784,-0.15637724960599986
2025-03-12,-0.019341235633892364,-0.04067053083016926,-0.06618131201230237,-0.10049646393331799,-0.12994119339722832
2025-03-13,-0.01842451330812228,-0.0390973813389606,-0.05452746142759646,-0.07633202417718794,-0.10325157362653178
2025-03-14,-0.02490427375045851,-0.048813552884917386,-0.06660888532312027,-0.08795497848999433,-0.11453560395316995
2025-03-17,-0.024623465353871297,-0.0501302059284775,-0.07013503423762371,-0.09281560701386132,-0.11730634574729362
2025-03-18,-0.022682638215430144,-0.053217893268525544,-0.08163472724375843,-0.11371438598408147,-0.1391617170738319
2025-03-19,-0.023463394426447022,-0.052506813295548384,-0.0800958268878489,-0.1071663608435482,-0.1272241791964781
2025-03-20,-0.01919177124602384,-0.04801591312824053,-0.07741255698694073,-0.09649617246850917,-0.11883947743563626
2025-03-21,-0.010256726325933626,-0.034632325183565876,-0.05293411047826743,-0.06705122189372395,-0.08314572710885443
2025-03-24,-0.009462594367446387,-0.03402376503468195,-0.050896412548485925,-0.06952026497469951,-0.08488119608396555
2025-03-25,-0.016368997821254717,-0.03548294494806269,-0.04772361127142343,-0.05057091692404755,-0.052847860880721874
2025-03-26,-0.01231235971329189,-0.03513954267639731,-0.05150003212582386,-0.05805498765808874,-0.06834337083769287
2025-03-27,-0.011862528133823238,-0.037196065542264956,-0.050012330786776256,-0.05875872054774507,-0.06639213584804955
2025-03-28,-0.0064751628420271655,-0.03575878850573231,-0.0479230265856386,-0.05993799372318587,-0.06321989384828937
2025-03-31,-0.006158742441458724,-0.03022358053613955,-0.03673822924453212,-0.05044103410908866,-0.04933969315196841
2025-04-01,-0.014465965856384586,-0.034417536322192584,-0.04270986240281623,-0.045276718832535486,-0.0402513620765324
2025-04-02,-0.009283307355888741,-0.024094152873750965,-0.027772084836143185,-0.026791853323135252,-0.014553883167286156
2025-04-03,-0.003972034940969186,-0.013192423730249748,-0.01432963828671897,-0.015195346547479314,-0.00346523271828722
2025-04-07,0.044236039481771926,0.07305982588340992,0.09467908834313413,0.1036546777968359,0.11962137549693375
2025-04-08,0.02656394948667563,0.053618836936017295,0.07657085704378801,0.1052828605387283,0.12533694127945066
2025-04-09,0.026035452168710428,0.05317171629790928,0.0757271624711664,0.1047285719021784,0.12187982318525883
2025-04-10,0.02057112716481404,0.0374091152014916,0.05205876446359188,0.06723700302570071,0.08277321126302346
2025-04-11,0.030725760377724464,0.043051501069372326,0.05309609875889152,0.06275419779701685,0.07604095638977924
2025-04-14,0.022560421809383828,0.03014875491819342,0.032291667712711546,0.03841422200371469,0.043831858713077064
2025-04-15,0.01618458184486519,0.02905067953054189,0.03472749436680694,0.04302781350147217,0.050712833517536304
2025-04-16,0.013981915527823362,0.0316007173768265,0.03934577440372243,0.050609499363763515,0.07103372457349659
2025-04-17,0.01732037754779252,0.0353177659993804,0.04612086378630756,0.05750256201099483,0.07890969481063959
2025-04-18,0.02145626496345145,0.04011007627670736,0.049727943571125345,0.05426189121617727,0.07980087162285232
2025-04-21,0.020455753003520556,0.030961008736832097,0.03322827012385801,0.03598234731757946,0.05550823766871691
2025-04-22,0.011456947263311314,0.0240939798478864,0.026101418224033734,0.03142959179353647,0.044208687495687723
2025-04-23,0.015320310103857177,0.017938788833878453,0.020163499907538858,0.018727010325258645,0.018350350026261585
2025-04-24,0.012169054888739667,0.01807187240130089,0.02175994971921979,0.022791432351410273,0.029448403548979284
2025-04-25,0.012534092086024596,0.016620519203444928,0.015118049527510008,0.011800905349391568,0.018964192021954054
2025-04-28,0.014738697770489051,0.027127201119204157,0.027949643383322224,0.031418015901809614,0.048836249614436895
2025-04-29,0.018367557246142086,0.02676496917632435,0.02276637338419314,0.017342367000909038,0.03347159171147851
2025-04-30,0.02297162035278435,0.028866657315901344,0.022075536626441676,0.011246479399817273,0.02683629912199989
2025-05-06,0.02084224059757275,0.023222985075456646,0.014517600223400354,-0.000543520902135218,0.017321130122633064
2025-05-07,0.013692864716980106,0.018488801561000502,0.01472395688613353,0.01078426898510494,0.03352128750906601
2025-05-08,0.012309108492174283,0.013448386787499333,0.012631956820353554,0.0024303765241964525,0.028144613259910155
2025-05-09,0.012707885928567834,0.021117464541191157,0.02298840572067348,0.0207212814548353,0.05256176376254514
2025-05-12,0.007639254849692922,0.008444277580146386,0.007548169791605371,-2.1266996088391277e-05,0.03494318656155792
2025-05-13,0.009552626003350863,0.014308192120093852,0.01303706493535194,0.01085050773498033,0.0416803446990434
2025-05-14,0.0009171511898357433,0.007039016524332016,0.0032146860236335804,0.0022474855068782065,0.03589042227530644
2025-05-15,-0.0004488982037332066,0.011307097077744629,0.009832488118604467,0.0046753802287456845,0.03556903283585907
2025-05-16,0.005671097027875362,0.013906486393983942,0.01562828299297463,0.009692248399362611,0.040937516750546216
2025-05-19,0.005721317670446739,0.010451583484167854,0.013402076378784133,0.0078902716153442,0.03269430972220576
2025-05-20,0.0019635264593220146,0.003993987368689314,0.007442205241573081,0.00013437323365488938,0.01877894866286162
2025-05-21,-0.007301756658236743,-0.011427574039324578,-0.007501655943998901,-0.011525420407101286,0.0017710904154815009
2025-05-22,-0.0037090665175553467,-0.005901030372118069,-0.00340657008849731,-0.01334462751079365,0.007799575962403021
2025-05-23,0.003662439319339434,0.00414099744219251,0.009391861046944068,0.0038032780377452217,0.02634007234773509
2025-05-26,0.01167792146749372,0.01686045279503161,0.02252791797287565,0.024381605609420053,0.05390902067054065
2025-05-27,0.01917341629477364,0.030044116183971587,0.039995350623676734,0.04758059022916509,0.06924492981315904
2025-05-28,0.018849616112601282,0.026920890169751844,0.039051368795601386,0.04531598468297141,0.06368095786583851
2025-05-29,0.010823526546530085,0.01851279367624931,0.029249445323397794,0.03144835429745697,0.045326434267143126
2025-05-30,0.011807793378710057,0.027895622742687556,0.044644683009838475,0.055519789433290063,0.06927044117600177
2025-06-03,0.014324948401230405,0.027417840523912253,0.0417000654548319,0.04947108973744728,0.06361607050568839
2025-06-04,0.013939054483117658,0.02232816697428614,0.033416033860481906,0.032582478868414,0.03874281410328609
2025-06-05,0.01741786981761701,0.02662582041644838,0.03153954736496061,0.03245669607039752,0.0363927659506527
2025-06-06,0.024688027284263767,0.027138359697288207,0.03315739038935172,0.02547045462452744,0.027572277600201086
2025-06-09,0.022037067171375338,0.021625208224139443,0.021521590565862475,0.01478985017999958,0.006804229648402335
2025-06-10,0.026594983143798816,0.02940126023036893,0.03919387809978187,0.0423031288710758,0.024528708963937555
2025-06-11,0.019604755350961973,0.02389825231664322,0.02900167008233747,0.02970040233410629,0.016623919925790025
2025-06-12,0.025159859870292213,0.030225404170803785,0.03453612555564636,0.03252715334374461,0.01657407951693279
2025-06-13,0.028780523568959146,0.04327508126584994,0.04719234683330556,0.05367174476034816,0.03750606201272382
2025-06-16,0.029686443984210317,0.042322868002046,0.044241681371199326,0.04733773555570782,0.027422976096174365
2025-06-17,0.026452117793936584,0.0404476378794273,0.04452693869047809,0.059764643609675774,0.05131536797565572
2025-06-18,0.026297340029822872,0.03769467059640746,0.047970831974135736,0.05645142208836474,0.05612379261168618
2025-06-19,0.033417481456503105,0.056004908254286646,0.06835022688185106,0.0821788818532531,0.08902245241471046
2025-06-20,0.04019069693237002,0.059321498942375206,0.07409574483994393,0.09117383873079042,0.10272306446126392
2025-06-23,0.04650648993784378,0.0634429610204259,0.08026762521891471,0.09101842201378435,0.09215230446935654
2025-06-24,0.04855614854355695,0.06509249885137817,0.07788662827595492,0.07163951908145763,0.07168060296773002
2025-06-25,0.038834137106223285,0.05727956195419735,0.06255685272838335,0.05500073227635509,0.05929836680884988
2025-06-26,0.04432855090037026,0.06637888780643843,0.07999046654493608,0.07791918032756696,0.07845611528956883
2025-06-27,0.046691384558033885,0.06328587421481166,0.07464196550126714,0.07450576483016173,0.07951782399299634
2025-06-30,0.04261346163731239,0.059549357736555904,0.07011355027041427,0.06947808205996575,0.07516017528980996
2025-07-01,0.03938054764758714,0.057479376791557305,0.0777488407161867,0.08099988643038106,0.08655489670516861
2025-07-02,0.03844794703805367,0.05497276653527378,0.07230420133685825,0.07991870648954058,0.0904567540657554
2025-07-03,0.021667937881552145,0.03382275048413055,0.050510842877576984,0.056103037603091224,0.07635678999137624
2025-07-04,0.016625867512260566,0.027828542605271196,0.05000996446771109,0.05682085350844304,0.07382761422865065
2025-07-07,0.01894478237256586,0.03185458793461599,0.059313487530007335,0.07055380782488672,0.08345981622844334
2025-07-08,0.021229188135983023,0.03348504137985906,0.05381256439599305,0.060735516323853,0.07874499370556975
2025-07-09,0.02429603227145291,0.03661727085495743,0.0585248189809337,0.07375420622757403,0.09129747668823764
2025-07-10,0.02062346274370323,0.03111124394328164,0.05340492924930404,0.06842487815475023,0.08612126764222322
2025-07-11,0.021530429472189052,0.030871059191107674,0.0454116794776941,0.05378203209173362,0.06051216883402576
2025-07-14,0.021769556872515652,0.03383351323248277,0.055962561105548224,0.06524514833140907,0.07260210351021773
2025-07-15,0.0275099510004031,0.038274383898822546,0.05832945556748342,0.06764229616536312,0.06276535663270702
2025-07-16,0.03335019291673331,0.04800051955252543,0.07417625498979333,0.08680786664169905,0.07961350052176305
2025-07-17,0.026735544345858384,0.038052636824026806,0.057689483003525374,0.06741023099158307,0.05958693196344109
2025-07-18,0.029244149063845065,0.03979720345340789,0.063575612478981,0.08243446509967893,0.06816049749125609
2025-07-21,0.022416693786673728,0.0411447719616228,0.06983133823877201,0.08844725534188068,0.08537378260255443
2025-07-22,0.0081899433171676,0.02879660818358741,0.05676781163405851,0.07781665657214658,0.0811697704714301
2025-07-23,0.02018337775088944,0.0364833268259086,0.06736211485877068,0.09400549863574546,0.07464370254215841
2025-07-24,0.019982573836961344,0.030989834308426667,0.05316476037587261,0.073041900115832,0.061484314880724276
2025-07-25,0.036369263921511887,0.05036716150290458,0.07715011706139628,0.09847810090163231,0.08711172605687688
2025-07-28,0.050043467233589545,0.0670188365964374,0.09812593610282175,0.11849689711839352,0.09965448144609843
2025-07-29,0.04788444865509253,0.06191982489469775,0.08573196237348091,0.11266542637392833,0.07433257585075408
2025-07-30,0.03488257840977094,0.04673129911643014,0.08470433393205345,0.10649439207953254,0.07204299390957537
2025-07-31,0.05297496405196584,0.09640435857935724,0.13908065648388224,0.12480522293325058,0.08575289449000616
2025-08-01,0.06505976931516606,0.09579650675342852,0.14582041360885603,0.14221452255177178,0.10158625983074612
2025-08-04,0.06548607129135058,0.09798285445110765,0.15156955625528887,0.14245697919211883,0.11662136470763233
2025-08-05,0.05754218042141687,0.09584980013215783,0.11744672690723831,0.11060655259627433,0.08375044725693814
2025-08-06,0.04495261486820135,0.08471111181248235,0.10014093349980657,0.09564374723173741,0.07007929553508979
2025-08-07,0.031834335732964,0.05920082788707168,0.06972338559173265,0.06795526354956369,0.05268445744075364
2025-08-08,0.04777652357697941,0.07454105087289413,0.10648061013337715,0.11894219038560365,0.09892452257117704
2025-08-11,0.04771366970094748,0.07377527440643449,0.10402059182742318,0.11690385183268417,0.09438491068266744
2025-08-12,0.0382391994463189,0.06557436879278025,0.0819174244712995,0.0946519178074943,0.09136699971556621
2025-08-13,0.03160070130235109,0.05578079191359883,0.07527933960879035,0.07868176606091858,0.07530586238910843
2025-08-14,0.04635828958663825,0.073599009119624,0.10469550179196462,0.11570528059827061,0.11083314784703693
2025-08-15,0.04102468039882053,0.06250796653823876,0.08858923783924111,0.09843311168772756,0.09606074343219152
2025-08-18,0.03444417719824154,0.056896720629407385,0.0753831357063245,0.08275262133312647,0.08182561019772225
2025-08-19,0.0375773854863446,0.05939837555800545,0.08223472606944035,0.10465317719766014,0.08402310123082887
2025-08-20,0.03608977372948014,0.05887051820671228,0.07821797170885579,0.10943910990678173,0.08386738079779033
2025-08-21,0.026799657558434636,0.04664052363633134,0.07194491027908287,0.10602524229436468,0.07520464307798924
2025-08-22,0.009623373766296106,0.032528709413928374,0.04973942129159149,0.07257865566041302,0.05095161139252523
2025-08-25,-0.0030503672395503427,0.017693760981587443,0.03382846922317952,0.0588224890388745,0.03393972144583357
2025-08-26,-0.0015476237594892175,0.010033544414250042,0.034836746205422854,0.05692400319691568,0.04115186162339612
2025-08-27,0.042641153009117805,0.05779985875650929,0.055060269768701764,0.055285807232535206,0.06898185666920154
2025-08-28,0.0312167280147519,0.042588349681815164,0.04251544957799565,0.05280020620022647,0.06162537803879602
2025-08-29,0.01986702808474966,0.02502058859032735,0.01985862598204538,0.03975425798467333,0.03709552561968881
2025-09-01,0.029369023874360634,0.028749948361963443,0.02192398840265229,0.03875413693876153,0.04518096848208105
2025-09-02,0.015801019393899562,0.02983200833572557,0.05309388868122021,0.10083487723000567,0.07086956773264771
2025-09-03,0.03164503942879907,0.051782605567823,0.08687809825302992,0.12293136964562836,0.09022591255962367
2025-09-04,0.02266358625681161,0.05293798103769692,0.0840020575391427,0.09252357758778088,0.1286270638920746
2025-09-05,0.010696974563007786,0.02817770220335943,0.041915548701856715,0.044429920553253476,0.08374012444532784
2025-09-08,0.008404776335457971,0.011500652809576689,0.010757689005038438,0.010741952134661715,0.041710745388444846
2025-09-09,0.016792187401064283,0.024151114462831923,0.03830332554229554,0.03431546907850751,0.07834711001914876
2025-09-10,0.020162301235128025,0.023132294988062956,0.030057599085278764,0.033827987022052856,0.062230198684388296
2025-09-11,0.006698325596507913,-0.00601215016215438,-0.014227778011446524,-0.015535696492403158,-0.01870722538949754
2025-09-12,0.013966286346511531,0.004374619320925778,-0.002500121748646865,-0.009568862255701362,-0.01256636613227197
2025-09-15,0.020480289398431772,0.014301839656903454,0.006687565406015363,0.003966306524759527,0.015408094245946396
2025-09-16,0.018659121504226224,0.011636840753290367,-0.004733317494200066,-0.005149386731729139,0.0004483479336661374
2025-09-17,0.0198014059615644,0.008428522617749635,-0.008914043187642842,-0.016921119646655654,-0.012844779063014289
2025-09-18,0.029669194236289994,0.026818324966868298,0.010752199648225625,0.00200201985510313,0.02635800468177871
2025-09-19,0.036056754886516294,0.0347707024955881,0.020678500705564207,0.019432030227791594,0.0561519702564778
2025-09-22,0.033754160260018595,0.03267390189860824,0.012751150930661807,0.009164004342953185,0.027419599441449605
2025-09-23,0.03943237742876511,0.04556908554294083,0.03848972617661498,0.03288219841736688,0.047476899518805585
2025-09-24,0.031903829351731354,0.031130675699332956,0.011057540666366912,-0.00040652642988765666,0.008418916366556378
2025-09-25,0.027628376722882295,0.02804596036210188,0.007704005311852118,-0.01425979415473025,-0.027704771399116816
2025-09-26,0.040069922111889436,0.03694578409177499,0.018745875078502165,0.003309126917446312,-0.010911137952922628
2025-09-29,0.030253551310105858,0.015104236009336318,-0.009099540547092685,-0.028504923551070954,-0.04057556918011674
2025-09-30,0.02741168027977729,0.013936248378322927,-0.01055021288896469,-0.039974072269651925,-0.05565627525312569
2025-10-09,0.020897388415200502,0.013231902519057264,-0.008774887258105322,-0.03963523821725978,-0.04931348057079418
2025-10-10,0.02835935089440132,0.016696263698747504,-0.0011041918352297172,-0.016085275688493925,-0.008726026155692708
2025-10-13,0.0405777246011973,0.03258532477217395,0.017642637875535366,-0.0012746449937180184,-0.019037144273578107
2025-10-14,0.03968033038761967,0.03251567536154186,0.0275771144698391,0.01698908258697399,0.010928323693684756
2025-10-15,0.03689273591818251,0.025288708349647943,0.011317978402769754,-0.007326351341393072,-0.008778003168147622
2025-10-16,0.03432809734581129,0.028771510699508538,0.026377982084672836,0.01611047510893517,0.011788080204134884
2025-10-17,0.03310726611110864,0.036425043085718006,0.03149103395328343,0.03606119502621704,0.024636067464243176
2025-10-20,0.024126936633166993,0.019735526963466,0.016277856647571677,0.020151431765073023,0.013393137583594854
2025-10-21,0.008457543691445883,-0.000586085410967573,-0.009196737481715988,-0.011800594672886303,-0.01889075568197132
2025-10-22,0.010126762782845295,0.006362901173363691,-0.0017411088086789772,-0.005068095143224836,-0.01486938241396073
2025-10-23,0.008352026993648823,0.0003310109510275803,-0.009951424429563052,-0.016274972532609448,-0.020445256787546696
2025-10-24,-0.006563147334777631,-0.02295616091161466,-0.04543132466078858,-0.060460177590720525,-0.0937493874335306
2025-10-27,-0.013344754424944587,-0.03143488431298823,-0.05166504701098013,-0.061562444731095525,-0.10615459647398083
2025-10-28,-0.005608869543491591,-0.01909877366926953,-0.03800786638410396,-0.04139183582942016,-0.08750945427960334
2025-10-29,-0.010073228309067463,-0.02368195461533846,-0.04860677335423995,-0.05469994190572027,-0.09083750675746029
2025-10-30,-0.005614696631738981,-0.01860897716339546,-0.04184158831185412,-0.04436514698546623,-0.07838292595578228
2025-10-31,-0.002617691847660884,-0.010938010456706695,-0.03157730832244307,-0.04004160815707082,-0.04798934346810588
2025-11-03,-0.004948734006800838,-0.009768865183005541,-0.023958471731887025,-0.038423193527158124,-0.03107739445280411
2025-11-04,-0.0025647918954401433,-0.007232590998189655,-0.015111683522454305,-0.030116198568363447,-0.023434608083803668
2025-11-05,-0.0043594553492943295,-0.011956485303987338,-0.01783227529865411,-0.04330509058743132,-0.034373407007332844
2025-11-06,-0.013387390258584072,-0.021895513026399534,-0.026619737816587476,-0.04809813164352844,-0.0486781138082602
2025-11-07,-0.011716114526807448,-0.01409539725365465,-0.011827128989427253,-0.028675902135797543,-0.035456798520668915
2025-11-10,-0.020801379528882964,-0.02176501711773793,-0.013791090111161058,-0.025264270551084128,-0.008112146703780214
2025-11-11,-0.02736845722771067,-0.027409851611922206,-0.016187694896038655,-0.024534290208322297,0.005389391980952234
2025-11-12,-0.031045363744604815,-0.02907644402537096,-0.013451507411796404,-0.021980030245169493,0.010514965335368495
2025-11-13,-0.037230773862832384,-0.04104917019569905,-0.031101632184483183,-0.047455337009330356,-0.024510865469776707
2025-11-14,-0.027522008480480364,-0.027282163858138652,-0.008626247116549746,-0.021757820663746607,0.015253643103802048
2025-11-17,-0.022349902476240413,-0.02104954313372641,-0.0092380767779397,-0.02921312790453537,-0.003464984202074754
2025-11-18,-0.02106744282371197,-0.020312620527824184,-0.014482961359189679,-0.035007522368800156,-0.01623989472334097
2025-11-19,-0.01837801743527642,-0.01087145141315425,-0.001497795968433988,-0.012873189294493614,0.010035386099113641
2025-11-20,-0.013740462360178472,-0.00994000616193621,-0.002276205385178554,-0.011990405945511595,0.003853923336900053
2025-11-21,-0.00045305924284597457,0.01688687666211093,0.03535107024066028,0.03188650869245129,0.053085150989281966
2025-11-24,0.0010248203467977132,0.019430275270168162,0.03678533477103641,0.025170849330166785,0.07271569338409781
2025-11-25,-0.0036253895875446042,0.015096371167155046,0.024027938056078394,0.010873651788644304,0.06005377617473286
2025-11-26,-0.0018541466209855567,0.015336743990141823,0.025778352798099213,0.010840425905063494,0.05590814146327166
2025-11-27,-0.0005448626836715607,0.01828663729207652,0.0329257995198316,0.0208915009096097,0.0590973958851794
2025-11-28,0.0014114446484495707,0.01866842873022063,0.030337835776928865,0.019742427675249283,0.05278015767851046
2025-12-01,-0.006860674412586667,0.00617429555132101,0.0171159410589068,0.008660485753380347,0.03272883567644249
2025-12-02,-0.006983484016367782,0.008527757195554741,0.02697652567188127,0.017811170824127184,0.05460833682102078
2025-12-03,-0.006838653335893819,0.01022797717917513,0.029064675297830384,0.024807923939657514,0.05404176325226442
2025-12-04,0.0008157287377283032,0.025380244747889254,0.04799148804431138,0.04992985753005506,0.07651998026908881
2025-12-05,0.006769907383765852,0.029719055160703722,0.05668702056845111,0.05960705551059309,0.0790118075224872
2025-12-08,0.006255587870779821,0.02593855144474233,0.04914906840788241,0.04931493586316847,0.06998691659197835
2025-12-09,0.01176911219492464,0.030562417375646512,0.056393917432594684,0.05983508646038619,0.06577017706131931
2025-12-10,0.01613310118532578,0.03675986027928552,0.06748941512213147,0.07629765837879048,0.0780243806183972
2025-12-11,0.023117058451375575,0.05005589793631602,0.10110278051063681,0.12468341631235764,0.10984956970588376
2025-12-12,0.023245331997554266,0.04446419872327749,0.08230504938650951,0.08488703984508125,0.0814912637460025
2025-12-15,0.01915695826716718,0.049670061998611605,0.09391249624845038,0.10791568451463858,0.11379648627977348
2025-12-16,0.024397161882938504,0.06057534939346675,0.09789981805929647,0.12584367741695715,0.14377228073859158
2025-12-17,0.013993876441126417,0.045279801202854034,0.07863266255910951,0.10845665711308647,0.12143008398415477
2025-12-18,0.013562257575088,0.048339525014415144,0.08481202655084591,0.11097571585055974,0.13131717337988552
2025-12-19,0.01393148764753323,0.04198903450126045,0.07040079524371214,0.08584261508117245,0.10844052870751579
2025-12-22,0.008805689340540311,0.038176869445349954,0.06795566001949234,0.08695956364968441,0.10388986042393374
2025-12-23,0.010895505418696744,0.038658105147467516,0.0770928066444773,0.08720792541674845,0.10713621729720743
2025-12-24,0.008577013762903648,0.037548799712651036,0.07902893305430615,0.09444841541360317,0.11155079707205398
2025-12-25,0.010135528075895009,0.03981322058601797,0.06345325426983615,0.0796363951385453,0.10049487519048575
2025-12-26,0.002687200509097521,0.03737285885218645,0.06005428860776008,0.08883352241347643,0.0926369157366797
2025-12-29,0.010629959426845633,0.05092386381503618,0.06905277218412217,0.09679246919822465,0.10988867812585353
2025-12-30,0.020462743486402493,0.061540607391806335,0.06661838000321327,0.07772217919966919,0.09405705357898957
2025-12-31,0.012447390504786758,0.0500053698307365,0.056637313127823115,0.07001232789419244,0.09096569250867365
2026-01-05,-0.012059234332950577,0.0035985202568722396,0.0025807052830140093,0.003365796562780723,0.018293901631704912
2026-01-06,-0.013648239348470958,0.005935097002256122,0.00346437453157977,0.010410030335294437,0.02996159371391913
2026-01-07,-0.0004376207488856977,0.018315957683323583,0.012189556128756046,0.005540892703336303,0.015804960389571795
2026-01-08,0.003754517192238521,0.013590767659793734,0.009311433601988276,-0.00800962452725429,-0.005174457640336293
2026-01-09,-0.0029231722144304824,0.002682946852706803,-0.00745264503983841,-0.027558131663773133,-0.018879765690502464
2026-01-12,-0.0003617648657173449,0.005346752208672019,-0.008928095098290737,-0.03135421759490891,-0.007883455237756121
2026-01-13,0.004001673066749638,0.009705529604815792,-0.00157330283228751,-0.008124827158772696,0.008767397658920421
2026-01-14,0.006379093593180309,0.012335466481251892,-0.0036026751322104575,-0.01831887905181921,-0.0063030273740607885
2026-01-15,0.012337883506007981,0.010640889132453672,0.0016414703966550115,-0.01422597973140857,0.0019861041811490045
2026-01-16,0.008035638402508363,0.00254427688066228,-0.00969655890243583,-0.023215583929598157,-0.01206273018374298
2026-01-19,0.01338515161060602,0.013401342993705182,-0.0007917935000053994,-0.01787013213746815,-0.006120138368697113
2026-01-20,0.0102811836205757,0.01889751009824659,0.018960415617254756,0.0017538525289160702,0.01216406097161462
2026-01-21,0.00995789668692662,0.014971815552136789,0.013013096339314108,-0.01068152533915285,0.0001126620068700335
2026-01-22,0.010509656189796835,0.017120334182970542,0.010680230272876387,-0.011084892442142107,-0.003336694398763906
2026-01-23,0.016500981240990715,0.017533934576046035,0.006210246101901235,-0.03969157478042734,-0.023988885704479115
2026-01-26,0.007003394581572473,0.005235791664576442,-0.009748425697174634,-0.061835202555482124,-0.05622792614705991
2026-01-27,-0.001133284042585585,-0.009160278099056144,-0.01639534837760735,-0.07400653641018666,-0.07294405214234786
2026-01-28,-0.0011324575734265028,-0.008781948847524439,-0.020637787097693917,-0.0626005664847135,-0.0650535454919189
2026-01-29,-0.00428971826957733,-0.00766810770186808,-0.017874293016588046,-0.05254850411822483,-0.040275606553660234
2026-01-30,-0.0011956142803292611,-0.003902352607297645,-0.02166736776105996,-0.05643844560380094,-0.025354511966458205
2026-02-02,0.01831670375020331,0.018597151470031197,0.022422527321248335,0.012247298208319556,0.03329201417349674
2026-02-03,0.0178590201501702,0.012142332982950046,0.009826921971248966,-0.006259787351858926,-0.0028802250044316535
2026-02-04,0.00795363045720045,-0.0009462581221428571,0.0006376251359327353,-0.011237924523785688,-0.00756369708762682
2026-02-05,0.005250067261730191,-0.007423805214801533,0.0049363915449425035,-0.005985204615778745,0.0019104568169294855
2026-02-06,0.005847865337166758,-0.0035850564249680188,0.008142667145159953,0.0021320965237228,0.006401783553009193
2026-02-09,-0.003634065989979111,-0.02192693034960399,-0.018417371671875057,-0.035420309120022385,-0.04067412097521665
2026-02-10,-0.0037709251481974925,-0.020192290918295944,-0.014833753675336313,-0.02861229326438233,-0.03453396071392671
2026-02-11,-0.014060084905185885,-0.03614539121318018,-0.03192273552178915,-0.053557949608178085,-0.049110944315631774
2026-02-12,-0.01678670647756351,-0.041479904106614895,-0.039585076808534285,-0.06263353374745911,-0.07707844756497825
2026-02-13,-0.034052858366455455,-0.06448399239063597,-0.05651730444753044,-0.09835695575448687,-0.0965050013701341
2026-02-24,-0.026438439548748454,-0.0574501458452194,-0.04819265608371677,-0.082995338247387,-0.09234106458212026
2026-02-25,-0.01834409725446212,-0.05253655900980604,-0.04118201447884085,-0.07275820077912121,-0.08549103699460302
2026-02-26,-0.0224617819816108,-0.059218386131881635,-0.04944536737835267,-0.08042854778374967,-0.10701058703551104
2026-02-27,-0.022522081177235167,-0.0541933305975719,-0.039834984930505406,-0.07129837033009793,-0.10250841224680383
2026-03-02,-0.025610126865902118,-0.054105859637268584,-0.04075532142255831,-0.07143329792383829,-0.0994896894375514
2026-03-03,-0.027011967190578693,-0.04735783976632381,-0.03238676190216731,-0.05813276615817436,-0.08074347453008968
2026-03-04,-0.0088541636262811,-0.02174057443674181,-0.0005559471645971922,-0.021811124171342212,-0.05332133404674983
2026-03-05,-0.01900486417271762,-0.0363828367717936,-0.024045195821653133,-0.051522494286365815,-0.08235039647135489
2026-03-06,-0.03033161398378068,-0.052289915472629366,-0.03961921275036405,-0.06797179320374001,-0.09201675911104126
2026-03-09,-0.025897607137707918,-0.043143544092897404,-0.03098255830343582,-0.05529845752761232,-0.07615370138132524
2026-03-10,-0.013912586116301359,-0.024565592164019916,-0.016187757645474102,-0.03153851530615894,-0.04470962691813672
2026-03-11,-0.02492190682574783,-0.03740570812828805,-0.029740980539474847,-0.04060074802283121,-0.04526022450690619
2026-03-12,-0.01919726428458718,-0.025311166854375976,-0.00871422753767683,-0.01791334557534033,-0.030784445038076324
2026-03-13,-0.01717268032542665,-0.019199788048483702,-0.004660067415138834,-0.006793547605636334,-0.015276399320654459
2026-03-16,-0.005294246875427284,-0.01101915280060903,0.0029594036737619683,0.000683578708410848,-0.0013420036046923164
2026-03-17,-0.0036563439442005505,-0.007513171623964731,0.014695845897039326,0.016885132438144154,0.01308232319527222
2026-03-18,7.890081841818922e-05,0.0017381207078910209,0.02252440818786061,0.021462935323544288,0.019581914972278066
2026-03-19,0.005066030720630564,0.018923715024033925,0.03999425174337377,0.043715676973642245,0.04424240444991473
2026-03-20,0.012654615290324408,0.026954124602024992,0.049620698732730874,0.06586620896330776,0.06980726440168825
2026-03-23,0.03425693874403105,0.06712728536385724,0.09224722608235737,0.0988146464187066,0.12072813842085903
2026-03-24,0.026136649000596715,0.05669705263216643,0.08610167043417423,0.08229796329306965,0.10620028670952955
2026-03-25,0.020201452402771797,0.0438442951288883,0.05814375851781241,0.047031762655464354,0.07044284501303441
2026-03-26,0.023190468565148264,0.05107134476662997,0.06572134964302466,0.06306074355229806,0.0865374089023083
2026-03-27,0.019063014609582294,0.044407350996076664,0.057609684773916335,0.05955482249647001,0.08360513457089956
2026-03-30,0.024449817453325747,0.04584656462867168,0.05451754146318356,0.05536133242138752,0.06463409499106959
2026-03-31,0.03576627954120488,0.06756016795593249,0.08907081963191776,0.08373912763088635,0.09679837389258407
2026-04-01,0.025244150156878267,0.05034095752753215,0.06560733436578495,0.06552918118396416,0.08233651969163873
2026-04-02,0.03384379529664323,0.06989622679495477,0.101724167372792,0.10869539869462683,0.14741524673584738
2026-04-03,0.0407654123169763,0.08283408916359819,0.12466098392079453,0.1305181797226486,0.16759711041944558
2026-04-07,0.0388844623250703,0.08035290788334092,0.11499735835443085,0.12095878355408446,0.15552899598159114
2026-04-08,0.03053125969297153,0.05782517995284443,0.08170032415700271,0.10535302160140951,0.11633730848997012
2026-04-09,0.03410953817154183,0.06169463767440956,0.08461153813889824,0.10561364105522837,0.12107364953914607
2026-04-10,0.030337025157728074,0.05546269507792239,0.0777504631146226,0.1048705383436291,0.12933776320908472
2026-04-13,0.021987191984432393,0.043704761372924804,0.06193122351497025,0.08320858460467741,0.098987979242955
2026-04-14,0.009954374021578413,0.022207904556894725,0.03539383021263016,0.05465910676386431,0.06818035944385542
2026-04-15,0.004008403206494941,0.0160275029678097,0.03311171073343576,0.05538280083827037,0.07375455173348697
2026-04-16,0.0022134646953806255,0.010353097211479423,0.023739459922150142,0.047258939262866666,0.06737191413554353
2026-04-17,0.003950900087885192,0.014461373146038037,0.024399643697285346,0.04597895393612924,0.07044150705612008
2026-04-20,-0.007031519001889365,-0.00015314129641979748,0.006722481806637705,0.01266065005581482,0.037213816985468405
2026-04-21,-0.009361219855427098,0.0036706285605238483,0.013900888062076382,0.03638517407113804,0.05970490161365706
2026-04-22,-0.0053829384987871655,0.008509295535330759,0.014255762403779732,0.041294750958790934,0.07132323264237667
2026-04-23,-0.003314039872387122,0.01238611979118586,0.025465302024738356,0.057048882565832584,0.07305239716730565
2026-04-24,-0.008156707401918813,0.010342740198722403,0.020449428307141488,0.044329047644186215,0.06187124397212334
2026-04-27,-0.009935990619735826,0.004423773485848543,0.024926328366211094,0.0364068942113396,0.050001364546887896
2026-04-28,-0.006585266272605615,0.009958315675659317,0.021869904640932268,0.028009421816062294,0.04611417043870375
2026-04-29,-0.009885279192363096,-0.004598513168751888,0.0033595683129228776,0.02021976197344367,0.005942241327406581
2026-04-30,-0.0029816256445700977,0.002296455405619731,0.014345926970713954,0.021902154855876883,0.006265358313354361
2026-05-06,-0.0074595686259284165,-0.013572981957726955,-0.0031348603454101134,0.00314025260299334,-0.017461664961919907
2026-05-07,-0.012652687453840324,-0.028123041366493608,-0.018989549874158285,-0.014041848128183048,-0.037636450607209916
2026-05-08,-0.01601444333694734,-0.03123267384974617,-0.02711044623652598,-0.030347844957538166,-0.05194210867967768
2026-05-11,-0.03029496351352101,-0.06274891198001173,-0.07098954429558821,-0.07201801866881326,-0.10391012421441014
2026-05-12,-0.02658603262294134,-0.04460235529342693,-0.04521675707408062,-0.0508071979480733,-0.07385826580271461
2026-05-13,-0.03092458774912512,-0.060365925518557434,-0.06678257327791093,-0.07869892042987096,-0.10076274629023997
2026-05-14,-0.028848445541250288,-0.053266639655447846,-0.05459875914865476,-0.07236466609600646,-0.08037697552738049
2026-05-15,-0.01343024703374436,-0.031057503381063525,-0.03298801652613121,-0.04844264485660115,-0.05873982987849602
2026-05-18,-0.005622095509786596,-0.005890785799239394,0.0008232102970632753,-0.013528210346600353,-0.0371446331157297
2026-05-19,-0.015732314899794774,-0.01505883887854575,-0.005259918810770547,-0.015446061625261073,-0.046102909501448935
2026-05-20,-0.015425780156033542,-0.012786259532317941,0.007604273508704952,-0.01681816040665132,-0.03315350045793629
2026-05-21,-0.019403635369891863,-0.0075839853530434865,0.016316554133335284,-0.008522393670899056,0.03205435101875112
2026-05-22,-0.01359261034331057,0.005248224518141053,0.006956632849686739,0.009619466224534209,0.027165876010489736
2026-05-25,-0.026877093741476687,-0.027149574748931538,-0.023140461378196978,-0.027239249409157607,-0.026037306752543416
2026-05-26,-0.03374872475332888,-0.026440970083647455,-0.018807526693768846,-0.00793036384630476,-0.0038112316966672313
2026-05-27,-0.02418563711959694,-0.017219316157529654,0.003416871134135463,0.005910686100810384,0.023460319588599413
2026-05-28,,,,,
2026-05-29,,,,,
2026-06-01,,,,,
2026-06-02,,,,,
2026-06-03,,,,,
2026-06-04,,,,,
2026-06-05,,,,,
2026-06-08,,,,,
2026-06-09,,,,,
2026-06-10,,,,,
2026-06-11,,,,,
2026-06-12,,,,,
2026-06-15,,,,,
2026-06-16,,,,,
2026-06-17,,,,,
2026-06-18,,,,,
2026-06-22,,,,,
2026-06-23,,,,,
2026-06-24,,,,,
2026-06-25,,,,,
